;Banque;Fournisseur;Date;Numéro d'opération;Libellé;Débit;Détail
0;CEAPC;;2024-11-19;1911202420241119-09.12.35.362865 -;*CB COM PHARMAMERIQUES 181124;-1.6;*CB COM PHARMAMERIQUES 181124 CONTRAT 8413786 REM 184020   
1;CEAPC;;2024-11-19;1911202420241119-09.12.35.342811 -;*CB COM PHARMAMERIQUES 181124;-1.4;*CB COM PHARMAMERIQUES 181124 CONTRAT 8413786 REM 181677   
2;CEAPC;;2024-11-19;1911202420241119-09.12.35.327835 -;*CB COM PHARMAMERIQUES 181124;-2.35;*CB COM PHARMAMERIQUES 181124 CONTRAT 8413786 REM 179937   
3;CEAPC;;2024-11-19;1911202420241119-09.12.35.313574 -;*CB COM PHARMAMERIQUES 181124;-0.63;*CB COM PHARMAMERIQUES 181124 CONTRAT 8413785 REM 185286   
4;CEAPC;;2024-11-19;1911202420241119-09.12.35.300282 -;*CB COM PHARMAMERIQUES 181124;-0.01;*CB COM PHARMAMERIQUES 181124 CONTRAT 8413785 REM 181353   
5;CEAPC;;2024-11-19;1911202420241119-09.12.35.285101 -;*CB COM PHARMAMERIQUES 181124;-0.02;*CB COM PHARMAMERIQUES 181124 CONTRAT 8413785 REM 171764   
29;CEAPC;;2024-11-19;1911202420241119-02.49.52.418287 -;PRLV CERP SAS;-1246.43;PRLV CERP SAS PRELEVEMENT CERP ROUEN DDE N 000 01 ECHEANCE 19112024 MONTANT 1246.43 
30;CEAPC;;2024-11-19;1911202420241119-02.49.44.076329 -;LCR 171179 RLV 00000033;-1125.89;LCR 171179 RLV 00000033 OCP   
38;CEAPC;;2024-11-18;1811202420241118-08.37.25.727685 -;*CB COM PHARMAMERIQUES 161124;-0.18;*CB COM PHARMAMERIQUES 161124 CONTRAT 8413786 REM 151853   
39;CEAPC;;2024-11-18;1811202420241118-08.37.25.715911 -;*CB COM PHARMAMERIQUES 161124;-0.15;*CB COM PHARMAMERIQUES 161124 CONTRAT 8413785 REM 153311   
40;CEAPC;;2024-11-18;1811202420241118-08.37.25.704288 -;*CB COM PHARMAMERIQUES 161124;-1.02;*CB COM PHARMAMERIQUES 161124 CONTRAT 8413786 REM 156534   
41;CEAPC;;2024-11-18;1811202420241118-08.37.25.692918 -;*CB COM PHARMAMERIQUES 161124;-0.18;*CB COM PHARMAMERIQUES 161124 CONTRAT 8413786 REM 153863   
46;CEAPC;;2024-11-18;1811202420241118-02.48.54.852432 -;PRLV URSSAF DE POITOU CHARENTES;-1952.0;PRLV URSSAF DE POITOU CHARENTES UR 547000001342983721    OCT 247 53644152000151124  
47;CEAPC;;2024-11-18;1811202420241118-02.48.54.849555 -;PRLV NORCAP;-650.14;PRLV NORCAP 6701   
48;CEAPC;;2024-11-18;1811202420241118-02.48.54.844449 -;PRLV VIATRIS SANTE;-179.25;PRLV VIATRIS SANTE /0684011169   
54;CEAPC;;2024-11-16;1611202420241116-08.48.08.774737 -;*CB COM PHARMAMERIQUES 151124;-0.48;*CB COM PHARMAMERIQUES 151124 CONTRAT 8413785 REM 152049   
55;CEAPC;;2024-11-16;1611202420241116-08.48.08.763447 -;*CB COM PHARMAMERIQUES 151124;-1.93;*CB COM PHARMAMERIQUES 151124 CONTRAT 8413786 REM 154516   
56;CEAPC;;2024-11-16;1611202420241116-08.48.08.750445 -;*CB COM PHARMAMERIQUES 151124;-0.96;*CB COM PHARMAMERIQUES 151124 CONTRAT 8413786 REM 149616   
57;CEAPC;;2024-11-16;1611202420241116-08.48.08.737571 -;*CB COM PHARMAMERIQUES 151124;-0.53;*CB COM PHARMAMERIQUES 151124 CONTRAT 8413786 REM 135199   
58;CEAPC;;2024-11-16;1611202420241116-08.48.08.724326 -;*CB COM PHARMAMERIQUES 151124;-0.3;*CB COM PHARMAMERIQUES 151124 CONTRAT 8413785 REM 156515   
59;CEAPC;;2024-11-16;1611202420241116-08.48.08.711978 -;*CB COM PHARMAMERIQUES 151124;-0.45;*CB COM PHARMAMERIQUES 151124 CONTRAT 8413785 REM 150635   
66;CEAPC;;2024-11-16;1611202420241116-02.49.22.579734 -;LCR 170067 RLV 00000032;-28.08;LCR 170067 RLV 00000032 SELAS PHARMACIE   
85;CEAPC;;2024-11-15;1511202420241115-09.22.23.569097 -;*CB COM PHARMAMERIQUES 141124;-1.69;*CB COM PHARMAMERIQUES 141124 CONTRAT 8413786 REM 150342   
86;CEAPC;;2024-11-15;1511202420241115-09.22.23.558731 -;*CB COM PHARMAMERIQUES 141124;-2.15;*CB COM PHARMAMERIQUES 141124 CONTRAT 8413786 REM 147094   
87;CEAPC;;2024-11-15;1511202420241115-09.22.23.547907 -;*CB COM PHARMAMERIQUES 141124;-0.86;*CB COM PHARMAMERIQUES 141124 CONTRAT 8413786 REM 131390   
88;CEAPC;;2024-11-15;1511202420241115-09.22.23.537085 -;*CB COM PHARMAMERIQUES 141124;-0.41;*CB COM PHARMAMERIQUES 141124 CONTRAT 8413785 REM 152488   
89;CEAPC;;2024-11-15;1511202420241115-09.22.23.526422 -;*CB COM PHARMAMERIQUES 141124;-0.03;*CB COM PHARMAMERIQUES 141124 CONTRAT 8413785 REM 148203   
90;CEAPC;;2024-11-15;1511202420241115-09.22.23.515999 -;*CB COM PHARMAMERIQUES 141124;-0.24;*CB COM PHARMAMERIQUES 141124 CONTRAT 8413785 REM 146763   
110;CEAPC;;2024-11-15;1511202420241115-02.46.20.782881 -;PRLV OCP;-3450.99;PRLV OCP Z9633450900  3004   
111;CEAPC;;2024-11-15;1511202420241115-02.46.20.778398 -;PRLV BOIRON SA;-1087.48;PRLV BOIRON SA    
126;CEAPC;;2024-11-14;1411202420241114-09.14.16.382103 -;*CB COM PHARMAMERIQUES 131124;-2.77;*CB COM PHARMAMERIQUES 131124 CONTRAT 8413786 REM 150270   
127;CEAPC;;2024-11-14;1411202420241114-09.14.16.363458 -;*CB COM PHARMAMERIQUES 131124;-0.84;*CB COM PHARMAMERIQUES 131124 CONTRAT 8413786 REM 147759   
128;CEAPC;;2024-11-14;1411202420241114-09.14.16.346217 -;*CB COM PHARMAMERIQUES 131124;-0.35;*CB COM PHARMAMERIQUES 131124 CONTRAT 8413785 REM 152892   
129;CEAPC;;2024-11-14;1411202420241114-09.14.16.332370 -;*CB COM PHARMAMERIQUES 131124;-0.16;*CB COM PHARMAMERIQUES 131124 CONTRAT 8413785 REM 146840   
150;CEAPC;;2024-11-14;1411202420241114-02.47.32.668326 -;PRLV NORCAP;-713.64;PRLV NORCAP 6701   
151;CEAPC;;2024-11-14;1411202420241114-02.47.25.032672 -;LCR 165769 RLV 00000031;-403.48;LCR 165769 RLV 00000031 EURODEP   
172;CEAPC;;2024-11-13;1311202420241113-08.48.25.503673 -;*CB COM PHARMAMERIQUES 121124;-1.58;*CB COM PHARMAMERIQUES 121124 CONTRAT 8413786 REM 152387   
173;CEAPC;;2024-11-13;1311202420241113-08.48.25.492179 -;*CB COM PHARMAMERIQUES 121124;-6.92;*CB COM PHARMAMERIQUES 121124 CONTRAT 8413786 REM 149331   
174;CEAPC;;2024-11-13;1311202420241113-08.48.25.478364 -;*CB COM PHARMAMERIQUES 121124;-0.1;*CB COM PHARMAMERIQUES 121124 CONTRAT 8413785 REM 149335   
175;CEAPC;;2024-11-13;1311202420241113-08.48.25.464598 -;*CB COM PHARMAMERIQUES 121124;-0.68;*CB COM PHARMAMERIQUES 121124 CONTRAT 8413785 REM 138751   
198;CEAPC;;2024-11-13;1311202420241113-02.48.42.832994 -;PRLV NORCAP;-442.54;PRLV NORCAP 6701   
199;CEAPC;;2024-11-13;1311202420241113-02.48.35.055334 -;LCR 165074 RLV 00000030;-1408.97;LCR 165074 RLV 00000030 LABORATOIRES GI   
200;CEAPC;;2024-11-13;1311202420241113-02.48.35.053387 -;LCR 164637 RLV 00000030;-497.14;LCR 164637 RLV 00000030 EURODEP   
201;CEAPC;;2024-11-13;1311202420241113-02.48.35.051246 -;LCR 164636 RLV 00000030;-405.74;LCR 164636 RLV 00000030 EURODEP   
202;CEAPC;;2024-11-13;1311202420241113-02.48.35.049997 -;LCR 164633 RLV 00000030;-2771.01;LCR 164633 RLV 00000030 EURODEP   
203;CEAPC;;2024-11-13;1311202420241113-02.48.35.045248 -;LCR 164632 RLV 00000030;-730.15;LCR 164632 RLV 00000030 EURODEP   
229;CEAPC;;2024-12-11;1211202420241112-02.51.10.931099 -;PRLV ABEILLE VIE-ABEILLE VIE SOC;-109.23;PRLV ABEILLE VIE-ABEILLE VIE SOC 02014265140M AC 2241110EYCKQ PRL V ABEILLE VIE  
230;CEAPC;;2024-12-11;1211202420241112-02.51.10.926801 -;PRLV VIATRIS SANTE;-119.97;PRLV VIATRIS SANTE /0683986636   
231;CEAPC;;2024-12-11;1211202420241112-02.50.26.373848 -;LCR 161888 RLV 00000029;-84.3;LCR 161888 RLV 00000029 PIERRE FABRE ME   
232;CEAPC;;2024-12-11;1211202420241112-02.50.26.371339 -;PRLV NORCAP;-475.89;PRLV NORCAP 6701   
233;CEAPC;;2024-12-11;1211202420241112-02.50.26.369927 -;PRLV OCP;-15065.79;PRLV OCP Z9633450900  4101005338   
234;CEAPC;;2024-12-11;1211202420241112-02.50.26.365955 -;PRLV COMPAGNIE D EXPLOITATION ET;-1753.15;PRLV COMPAGNIE D EXPLOITATION ET PRELEVEMENT CERP ROUEN DDE N 000 01 ECHEANCE 11112024 MONTANT 1753.15 
235;CEAPC;;2024-11-11;1111202420241111-08.38.34.566550 -;*CB COM PHARMAMERIQUES 091124;-0.34;*CB COM PHARMAMERIQUES 091124 CONTRAT 8413786 REM 171107   
236;CEAPC;;2024-11-11;1111202420241111-08.38.34.556162 -;*CB COM PHARMAMERIQUES 091124;-0.39;*CB COM PHARMAMERIQUES 091124 CONTRAT 8413786 REM 168025   
237;CEAPC;;2024-11-11;1111202420241111-08.38.34.544312 -;*CB COM PHARMAMERIQUES 091124;-0.03;*CB COM PHARMAMERIQUES 091124 CONTRAT 8413785 REM 172620   
238;CEAPC;;2024-11-11;1111202420241111-08.38.34.530163 -;*CB COM PHARMAMERIQUES 091124;-0.32;*CB COM PHARMAMERIQUES 091124 CONTRAT 8413785 REM 168004   
245;CEAPC;;2024-11-11;1111202420241111-03.46.48.525109 -;ECH PRET   579478G DU 10/11/24;-31.28;ECH PRET   579478G DU 10/11/24    
246;CEAPC;;2024-11-11;1111202420241111-03.46.48.479895 -;ECH PRET   579451G DU 10/11/24;-2632.5;ECH PRET   579451G DU 10/11/24    
247;CEAPC;;2024-09-11;0911202420241109-08.51.43.232824 -;*CB COM PHARMAMERIQUES 081124;-0.59;*CB COM PHARMAMERIQUES 081124 CONTRAT 8413786 REM 167940   
248;CEAPC;;2024-09-11;0911202420241109-08.51.43.224450 -;*CB COM PHARMAMERIQUES 081124;-1.42;*CB COM PHARMAMERIQUES 081124 CONTRAT 8413786 REM 163468   
249;CEAPC;;2024-09-11;0911202420241109-08.51.43.217450 -;*CB COM PHARMAMERIQUES 081124;-0.17;*CB COM PHARMAMERIQUES 081124 CONTRAT 8413785 REM 170511   
250;CEAPC;;2024-09-11;0911202420241109-08.51.43.211013 -;*CB COM PHARMAMERIQUES 081124;-0.74;*CB COM PHARMAMERIQUES 081124 CONTRAT 8413785 REM 163946   
255;CEAPC;;2024-09-11;0911202420241109-02.45.29.469719 -;LCR 161645 RLV 00000028;-623.75;LCR 161645 RLV 00000028 OPELLA HEALTHCA   
271;CEAPC;;2024-08-11;0811202420241108-09.04.14.382209 -;VIREMENT SEPA PAR INTERNET;-150.83;SAS DEUX AILES - 2024-11-FAC 97    
272;CEAPC;;2024-08-11;0811202420241108-09.02.51.471584 -;*CB COM PHARMAMERIQUES 071124;-1.18;*CB COM PHARMAMERIQUES 071124 CONTRAT 8413786 REM 163146   
273;CEAPC;;2024-08-11;0811202420241108-09.02.51.464387 -;*CB COM PHARMAMERIQUES 071124;-3.27;*CB COM PHARMAMERIQUES 071124 CONTRAT 8413786 REM 159719   
274;CEAPC;;2024-08-11;0811202420241108-09.02.51.453141 -;*CB COM PHARMAMERIQUES 071124;-0.27;*CB COM PHARMAMERIQUES 071124 CONTRAT 8413785 REM 165138   
275;CEAPC;;2024-08-11;0811202420241108-09.02.51.444763 -;*CB COM PHARMAMERIQUES 071124;-0.08;*CB COM PHARMAMERIQUES 071124 CONTRAT 8413785 REM 159540   
276;CEAPC;;2024-08-11;0811202420241108-09.02.21.805295 -;VIREMENT SEPA PAR INTERNET;-57.58;IDS F24100254    
277;CEAPC;;2024-08-11;0811202420241108-08.59.09.614082 -;VIREMENT SEPA PAR INTERNET;-30.99;SOSH OCTOBRE    
292;CEAPC;;2024-08-11;0811202420241108-02.49.44.048716 -;PRLV KLESIA;-6.58;PRLV KLESIA 20241101CGKLESIA      031315468   
293;CEAPC;;2024-08-11;0811202420241108-02.49.44.044318 -;PRLV KLESIA;-701.29;PRLV KLESIA 20241101CGKLESIA      031315467   
312;CEAPC;;2024-07-11;0711202420241107-09.06.25.052257 -;*CB COM PHARMAMERIQUES 061124;-1.23;*CB COM PHARMAMERIQUES 061124 CONTRAT 8413786 REM 161386   
313;CEAPC;;2024-07-11;0711202420241107-09.06.25.043728 -;*CB COM PHARMAMERIQUES 061124;-2.23;*CB COM PHARMAMERIQUES 061124 CONTRAT 8413786 REM 158096   
314;CEAPC;;2024-07-11;0711202420241107-09.06.25.035079 -;*CB COM PHARMAMERIQUES 061124;-0.31;*CB COM PHARMAMERIQUES 061124 CONTRAT 8413785 REM 163607   
315;CEAPC;;2024-07-11;0711202420241107-09.06.25.024961 -;*CB COM PHARMAMERIQUES 061124;-0.05;*CB COM PHARMAMERIQUES 061124 CONTRAT 8413785 REM 158293   
327;CEAPC;;2024-07-11;0711202420241107-02.50.25.653602 -;PRLV NORCAP;-545.33;PRLV NORCAP 6701   
328;CEAPC;;2024-07-11;0711202420241107-02.50.25.652193 -;PRLV ABBOTT FRANCE SAS;-155.93;PRLV ABBOTT FRANCE SAS Abbott SAS SEPA Debit // Pmt Rmt 9900318292  
329;CEAPC;;2024-07-11;0711202420241107-02.50.25.649203 -;PRLV ASSURANCES MEDICALES SA;-41.17;PRLV ASSURANCES MEDICALES SA UNIMSANT echeance 11/2024   
330;CEAPC;;2024-07-11;0711202420241107-02.50.15.304046 -;LCR 160303 RLV 00000027;-728.2;LCR 160303 RLV 00000027 SARL ALTERRA   
351;CEAPC;;2024-06-11;0611202420241106-08.51.30.726686 -;*CB COM PHARMAMERIQUES 051124;-2.85;*CB COM PHARMAMERIQUES 051124 CONTRAT 8413786 REM 160703   
352;CEAPC;;2024-06-11;0611202420241106-08.51.30.718455 -;*CB COM PHARMAMERIQUES 051124;-2.71;*CB COM PHARMAMERIQUES 051124 CONTRAT 8413786 REM 157605   
353;CEAPC;;2024-06-11;0611202420241106-08.51.30.704011 -;*CB COM PHARMAMERIQUES 051124;-0.31;*CB COM PHARMAMERIQUES 051124 CONTRAT 8413785 REM 157188   
354;CEAPC;;2024-06-11;0611202420241106-08.51.30.694183 -;*CB COM PHARMAMERIQUES 051124;-0.05;*CB COM PHARMAMERIQUES 051124 CONTRAT 8413785 REM 146617   
361;CEAPC;;2024-06-11;0611202420241106-03.35.38.429648 -;*   13 FRAIS DE VIREMENT SEPA;-2.73;*   13 FRAIS DE VIREMENT SEPA    
370;CEAPC;;2024-06-11;0611202420241106-02.50.42.590046 -;PRLV ABBOTT FRANCE SAS;-35.03;PRLV ABBOTT FRANCE SAS Abbott SAS SEPA Debit // Pmt Rmt 9900318291  
393;CEAPC;;2024-05-11;0511202420241105-09.01.22.245427 -;*CB COM PHARMAMERIQUES 041124;-1.82;*CB COM PHARMAMERIQUES 041124 CONTRAT 8413786 REM 173716   
394;CEAPC;;2024-05-11;0511202420241105-09.01.22.234801 -;*CB COM PHARMAMERIQUES 041124;-2.99;*CB COM PHARMAMERIQUES 041124 CONTRAT 8413786 REM 170039   
395;CEAPC;;2024-05-11;0511202420241105-09.01.22.226625 -;*CB COM PHARMAMERIQUES 041124;-0.55;*CB COM PHARMAMERIQUES 041124 CONTRAT 8413785 REM 175340   
396;CEAPC;;2024-05-11;0511202420241105-09.01.22.216740 -;*CB COM PHARMAMERIQUES 041124;-0.28;*CB COM PHARMAMERIQUES 041124 CONTRAT 8413785 REM 170867   
416;CEAPC;;2024-05-11;0511202420241105-02.52.05.955620 -;PRLV NORCAP;-1171.28;PRLV NORCAP 6701   
417;CEAPC;;2024-05-11;0511202420241105-02.52.05.953489 -;PRLV AXA FRANCE IARD SA;-106.76;PRLV AXA FRANCE IARD SA I0000814669504-CONTRAT0000011269 795204  
418;CEAPC;;2024-05-11;0511202420241105-02.52.05.950911 -;PRLV INEXWEB;-12.6;PRLV INEXWEB Facture In Extenso 2411-00210979 5  
419;CEAPC;;2024-05-11;0511202420241105-02.51.25.254589 -;LCR 159498 RLV 00000026;-1048.25;LCR 159498 RLV 00000026 ABBVIE   
420;CEAPC;;2024-05-11;0511202420241105-02.51.25.252359 -;PRLV TotalEnergies Electricite e;-177.97;PRLV TotalEnergies Electricite e Prelevement TotalEnergies Electr icite et Gaz France-Reference cl ient 115151523 
421;CEAPC;;2024-05-11;0511202420241105-02.51.25.250971 -;PRLV CEGELEASE;-334.8;PRLV CEGELEASE 27218917 82409269 7890202   
422;CEAPC;;2024-05-11;0511202420241105-02.51.25.246852 -;PRLV CERP SAS;-2524.78;PRLV CERP SAS PRELEVEMENT CERP ROUEN DDE N 000 01 ECHEANCE 03112024 MONTANT 2524.78 
440;CEAPC;;2024-04-11;0411202420241104-08.38.10.873885 -;*CB COM PHARMAMERIQUES 021124;-1.5;*CB COM PHARMAMERIQUES 021124 CONTRAT 8413786 REM 145317   
441;CEAPC;;2024-04-11;0411202420241104-08.38.10.868001 -;*CB COM PHARMAMERIQUES 021124;-0.07;*CB COM PHARMAMERIQUES 021124 CONTRAT 8413785 REM 145784   
451;CEAPC;;2024-04-11;0411202420241104-03.10.36.719874 -;CB AMAZON PAYMENTS FACT 281024;-115.14;CB AMAZON PAYMENTS FACT 281024    
452;CEAPC;;2024-04-11;0411202420241104-03.10.36.703473 -;CB AMAZON EU SARL  FACT 271024;-45.28;CB AMAZON EU SARL  FACT 271024    
453;CEAPC;;2024-04-11;0411202420241104-03.10.36.691124 -;CB Amazon.fr*TL4LN FACT 241024;-43.7;CB Amazon.fr*TL4LN FACT 241024    
454;CEAPC;;2024-04-11;0411202420241104-03.10.36.678593 -;CB Back Market     FACT 231024;-399.49;CB Back Market     FACT 231024    
455;CEAPC;;2024-04-11;0411202420241104-03.10.36.669390 -;CB CARREFOUR CITY  FACT 181024;-16.19;CB CARREFOUR CITY  FACT 181024    
456;CEAPC;;2024-04-11;0411202420241104-03.10.36.660091 -;CB LE LOFT         FACT 051024;-49.2;CB LE LOFT         FACT 051024    
457;CEAPC;;2024-04-11;0411202420241104-03.10.36.650444 -;CB CARREFOUR CITY  FACT 021024;-9.55;CB CARREFOUR CITY  FACT 021024    
458;CEAPC;;2024-04-11;0411202420241104-03.10.36.635559 -;CB AMAZON PAYMENTS FACT 280924;-50.58;CB AMAZON PAYMENTS FACT 280924    
459;CEAPC;;2024-02-11;0211202420241102-02.49.16.688471 -;LCR 157665 RLV 00000025;-508.29;LCR 157665 RLV 00000025 COOP PHARMACEUT   
460;CEAPC;;2024-01-11;0111202420241101-15.05.42.789443 -;*CB COM PHARMAMERIQUES 311024;-1.53;*CB COM PHARMAMERIQUES 311024 CONTRAT 8413786 REM 190393   
461;CEAPC;;2024-01-11;0111202420241101-15.05.42.775696 -;*CB COM PHARMAMERIQUES 311024;-1.67;*CB COM PHARMAMERIQUES 311024 CONTRAT 8413786 REM 187290   
462;CEAPC;;2024-01-11;0111202420241101-15.05.42.762252 -;*CB COM PHARMAMERIQUES 311024;-0.62;*CB COM PHARMAMERIQUES 311024 CONTRAT 8413785 REM 193230   
463;CEAPC;;2024-01-11;0111202420241101-15.05.42.747371 -;*CB COM PHARMAMERIQUES 311024;-0.23;*CB COM PHARMAMERIQUES 311024 CONTRAT 8413785 REM 187602   
470;CEAPC;;2024-01-11;0111202420241101-02.51.09.002199 -;PRLV ABBOTT FRANCE SAS;-187.11;PRLV ABBOTT FRANCE SAS Abbott SAS SEPA Debit // Pmt Rmt 9900311336  
471;CEAPC;;2024-01-11;0111202420241101-02.51.08.998981 -;PRLV DYNAMIZ PHARMA;-70.8;PRLV DYNAMIZ PHARMA BNP OK   
472;CEAPC;;2024-01-11;0111202420241101-02.50.50.540030 -;LCR 153717 RLV 00000024;-157.7;LCR 153717 RLV 00000024 BSN-RADIANTE SA   
473;CEAPC;;2024-01-11;0111202420241101-02.50.50.537356 -;LCR 152996 RLV 00000024;-927.43;LCR 152996 RLV 00000024 S.A.S.   LACTAL   
474;CEAPC;;2024-01-11;0111202420241101-02.50.50.535616 -;LCR 144896 RLV 00000023;-630.54;LCR 144896 RLV 00000023 HANDI PHARM CHA   
475;CEAPC;;2024-01-11;0111202420241101-02.50.50.533423 -;LCR 144441 RLV 00000023;-1769.6;LCR 144441 RLV 00000023 JANSSEN CILAG   
476;CEAPC;;2024-01-11;0111202420241101-02.50.50.529977 -;LCR 140947 RLV 00000023;-298.0;LCR 140947 RLV 00000023 DAVOUST MAXIME   
477;CEAPC;;2024-01-11;0111202420241101-02.50.50.527708 -;LCR 139815 RLV 00000023;-89.76;LCR 139815 RLV 00000023 THUASNE SAS   
478;CEAPC;;2024-01-11;0111202420241101-02.50.50.523108 -;LCR 137265 RLV 00000022;-182.69;LCR 137265 RLV 00000022 PIERRE FABRE ME   
493;CEAPC;;2024-10-31;3110202420241031-09.08.17.405977 -;*CB COM PHARMAMERIQUES 301024;-0.46;*CB COM PHARMAMERIQUES 301024 CONTRAT 8413785 REM 185536   
494;CEAPC;;2024-10-31;3110202420241031-09.08.17.390745 -;*CB COM PHARMAMERIQUES 301024;-0.7;*CB COM PHARMAMERIQUES 301024 CONTRAT 8413786 REM 188773   
495;CEAPC;;2024-10-31;3110202420241031-09.08.17.373343 -;*CB COM PHARMAMERIQUES 301024;-1.5;*CB COM PHARMAMERIQUES 301024 CONTRAT 8413786 REM 177782   
496;CEAPC;;2024-10-31;3110202420241031-09.08.17.360512 -;*CB COM PHARMAMERIQUES 301024;-0.27;*CB COM PHARMAMERIQUES 301024 CONTRAT 8413785 REM 190803   
497;CEAPC;;2024-10-31;3110202420241031-09.07.52.786436 -;*CB COM PHARMAMERIQUES 301024;-2.87;*CB COM PHARMAMERIQUES 301024 CONTRAT 8413786 REM 147812   
510;CEAPC;;2024-10-31;3110202420241031-02.50.28.180369 -;PRLV NORCAP;-1105.43;PRLV NORCAP 6701   
511;CEAPC;;2024-10-31;3110202420241031-02.50.28.178853 -;PRLV OSPHAREA;-13.25;PRLV OSPHAREA FRANCE   
512;CEAPC;;2024-10-31;3110202420241031-02.50.28.174269 -;PRLV BOIRON SA;-228.67;PRLV BOIRON SA BOIRON SA   
525;CEAPC;;2024-10-30;3010202420241030-09.06.42.660348 -;*CB COM PHARMAMERIQUES 291024;-0.92;*CB COM PHARMAMERIQUES 291024 CONTRAT 8413786 REM 187364   
526;CEAPC;;2024-10-30;3010202420241030-09.06.42.646868 -;*CB COM PHARMAMERIQUES 291024;-0.18;*CB COM PHARMAMERIQUES 291024 CONTRAT 8413785 REM 190112   
527;CEAPC;;2024-10-30;3010202420241030-09.06.42.632884 -;*CB COM PHARMAMERIQUES 291024;-0.44;*CB COM PHARMAMERIQUES 291024 CONTRAT 8413785 REM 184602   
528;CEAPC;;2024-10-30;3010202420241030-09.06.12.805606 -;*CB COM PHARMAMERIQUES 291024;-2.18;*CB COM PHARMAMERIQUES 291024 CONTRAT 8413786 REM 146069   
543;CEAPC;;2024-10-30;3010202420241030-02.49.32.408994 -;PRLV GC RE MANGOPAY;-400.33;PRLV GC RE MANGOPAY Le Comptoir des Pharmacies   
544;CEAPC;;2024-10-30;3010202420241030-02.49.32.404128 -;PRLV OCP;-10666.06;PRLV OCP Z9633450900  4093001471   
561;CEAPC;;2024-10-29;2910202420241029-09.28.21.682089 -;VIREMENT SEPA PAR INTERNET;-4165.0;SALAIRE GERANCE OCTOBRE 24    
562;CEAPC;;2024-10-29;2910202420241029-09.24.08.133754 -;VIREMENT SEPA PAR INTERNET;-2876.97;SALAIRE V TRILLEAUD OCTOBRE 24    
563;CEAPC;;2024-10-29;2910202420241029-09.22.14.218977 -;VIREMENT SEPA PAR INTERNET;-1502.67;SALAIRE L PERON OCTOBRE 2024    
564;CEAPC;;2024-10-29;2910202420241029-09.20.48.921098 -;VIREMENT SEPA PAR INTERNET;-43.09;SALAIRE CATHERINE GUISSET OCTOBR E 2024   
565;CEAPC;;2024-10-29;2910202420241029-08.51.12.230616 -;*CB COM PHARMAMERIQUES 281024;-1.65;*CB COM PHARMAMERIQUES 281024 CONTRAT 8413786 REM 100538   
566;CEAPC;;2024-10-29;2910202420241029-08.51.12.216577 -;*CB COM PHARMAMERIQUES 281024;-0.33;*CB COM PHARMAMERIQUES 281024 CONTRAT 8413785 REM 101640   
567;CEAPC;;2024-10-29;2910202420241029-08.51.12.203145 -;*CB COM PHARMAMERIQUES 281024;-0.21;*CB COM PHARMAMERIQUES 281024 CONTRAT 8413785 REM 197316   
571;CEAPC;;2024-10-29;2910202420241029-03.17.02.233675 -;VIR SEPA PHARMACIE DES AMERIQUES;-6375.28;    
572;CEAPC;;2024-10-29;2910202420241029-03.17.02.216711 -;VIR SEPA PIERRE MOREAU;-3242.21;    
589;CEAPC;;2024-10-29;2910202420241029-02.49.58.254137 -;PRLV OTSUKA PHARMACEUTICAL FRANC;-803.63;PRLV OTSUKA PHARMACEUTICAL FRANC Your Acc.no. 0003314055/Order-No . 8300301122  
605;CEAPC;;2024-10-28;2810202420241028-08.51.34.788646 -;RBST MANDRAND PEINTURE - 60462;-363.68;RBST MANDRAND PEINTURE - 6046259    
606;CEAPC;;2024-10-28;2810202420241028-08.38.19.589107 -;*CB COM PHARMAMERIQUES 261024;-0.11;*CB COM PHARMAMERIQUES 261024 CONTRAT 8413786 REM 171434   
607;CEAPC;;2024-10-28;2810202420241028-08.38.19.579328 -;*CB COM PHARMAMERIQUES 261024;-0.47;*CB COM PHARMAMERIQUES 261024 CONTRAT 8413786 REM 168734   
608;CEAPC;;2024-10-28;2810202420241028-08.38.19.568732 -;*CB COM PHARMAMERIQUES 261024;-2.4;*CB COM PHARMAMERIQUES 261024 CONTRAT 8413786 REM 134428   
609;CEAPC;;2024-10-28;2810202420241028-08.38.19.558097 -;*CB COM PHARMAMERIQUES 261024;-0.23;*CB COM PHARMAMERIQUES 261024 CONTRAT 8413785 REM 133923   
614;CEAPC;;2024-10-28;2810202420241028-02.49.48.789885 -;PRLV NORCAP;-1963.44;PRLV NORCAP 6701   
615;CEAPC;;2024-10-28;2810202420241028-02.49.48.786272 -;PRLV CERP SAS;-1054.41;PRLV CERP SAS PRELEVEMENT CERP ROUEN DDE N 000 01 ECHEANCE 27102024 MONTANT 1054.41 
625;CEAPC;;2024-10-26;2610202420241026-08.53.32.305773 -;*CB COM PHARMAMERIQUES 251024;-0.64;*CB COM PHARMAMERIQUES 251024 CONTRAT 8413786 REM 170622   
626;CEAPC;;2024-10-26;2610202420241026-08.53.32.294105 -;*CB COM PHARMAMERIQUES 251024;-0.23;*CB COM PHARMAMERIQUES 251024 CONTRAT 8413785 REM 170708   
647;CEAPC;;2024-10-25;2510202420241025-08.54.14.651181 -;*CB COM PHARMAMERIQUES 241024;-0.8;*CB COM PHARMAMERIQUES 241024 CONTRAT 8413786 REM 166659   
648;CEAPC;;2024-10-25;2510202420241025-08.54.14.639339 -;*CB COM PHARMAMERIQUES 241024;-1.57;*CB COM PHARMAMERIQUES 241024 CONTRAT 8413786 REM 163789   
649;CEAPC;;2024-10-25;2510202420241025-08.54.14.628233 -;*CB COM PHARMAMERIQUES 241024;-0.03;*CB COM PHARMAMERIQUES 241024 CONTRAT 8413785 REM 168823   
650;CEAPC;;2024-10-25;2510202420241025-08.54.14.618825 -;*CB COM PHARMAMERIQUES 241024;-0.19;*CB COM PHARMAMERIQUES 241024 CONTRAT 8413785 REM 161074   
663;CEAPC;;2024-10-25;2510202420241025-02.50.42.371694 -;PRLV In Extenso Centre Ouest;-987.12;PRLV In Extenso Centre Ouest MFA0296838,MFA0305424   
664;CEAPC;;2024-10-25;2510202420241025-02.50.42.369917 -;PRLV SYNELYANS;-117.64;PRLV SYNELYANS 1072261   
665;CEAPC;;2024-10-25;2510202420241025-02.50.42.368380 -;PRLV GIE KLESIA COTIS;-450.84;PRLV GIE KLESIA COTIS RETRAITE - GIE KLESIA COTIS - 20 2409M - SIRET 92983182400016 -AG 023000021867801 
666;CEAPC;;2024-10-25;2510202420241025-02.50.42.362854 -;PRLV Caisse Vieillesse des Pharm;-2408.0;PRLV Caisse Vieillesse des Pharm PVT M10 11142501  CHATENET JEAN   
670;CEAPC;;2024-10-24;2410202420241024-16.07.11.877130 -;RBST - CASTORAMA;-27.0;RBST - CASTORAMA    
693;CEAPC;;2024-10-24;2410202420241024-09.33.28.556638 -;SOSH SEPTEMBRE - PHARMAMERIQUE;-30.99;SOSH SEPTEMBRE - PHARMAMERIQUES    
694;CEAPC;;2024-10-24;2410202420241024-09.32.05.847551 -;VIREMENT SEPA PAR INTERNET;-30.99;SOSH AOUT - PHARMAMERIQUES    
695;CEAPC;;2024-10-24;2410202420241024-08.52.11.945767 -;*CB COM PHARMAMERIQUES 231024;-0.52;*CB COM PHARMAMERIQUES 231024 CONTRAT 8413786 REM 166343   
696;CEAPC;;2024-10-24;2410202420241024-08.52.11.932219 -;*CB COM PHARMAMERIQUES 231024;-1.81;*CB COM PHARMAMERIQUES 231024 CONTRAT 8413786 REM 161094   
697;CEAPC;;2024-10-24;2410202420241024-08.52.11.914103 -;*CB COM PHARMAMERIQUES 231024;-0.15;*CB COM PHARMAMERIQUES 231024 CONTRAT 8413785 REM 163127   
698;CEAPC;;2024-10-24;2410202420241024-08.52.11.898683 -;*CB COM PHARMAMERIQUES 231024;-0.14;*CB COM PHARMAMERIQUES 231024 CONTRAT 8413785 REM 150375   
725;CEAPC;;2024-10-24;2410202420241024-02.48.44.014380 -;PRLV DYNAMIZ PHARMA;-70.8;PRLV DYNAMIZ PHARMA BNP OK   
726;CEAPC;;2024-10-24;2410202420241024-02.48.36.280178 -;LCR 131883 RLV 00000021;-306.45;LCR 131883 RLV 00000021 L2N TRADING   
746;CEAPC;;2024-10-23;2310202420241023-09.08.43.780699 -;*CB COM PHARMAMERIQUES 221024;-1.27;*CB COM PHARMAMERIQUES 221024 CONTRAT 8413786 REM 166070   
747;CEAPC;;2024-10-23;2310202420241023-09.08.43.764116 -;*CB COM PHARMAMERIQUES 221024;-1.9;*CB COM PHARMAMERIQUES 221024 CONTRAT 8413786 REM 160925   
748;CEAPC;;2024-10-23;2310202420241023-09.08.43.747379 -;*CB COM PHARMAMERIQUES 221024;-0.04;*CB COM PHARMAMERIQUES 221024 CONTRAT 8413785 REM 167306   
749;CEAPC;;2024-10-23;2310202420241023-09.08.43.731946 -;*CB COM PHARMAMERIQUES 221024;-0.46;*CB COM PHARMAMERIQUES 221024 CONTRAT 8413785 REM 162612   
754;CEAPC;;2024-10-23;2310202420241023-03.07.26.533459 -;PRLV B2B DGFIP;-5.0;    
768;CEAPC;;2024-10-23;2310202420241023-02.49.10.211907 -;LCR 131060 RLV 00000020;-136.15;LCR 131060 RLV 00000020 LABORATOIRES S   
785;CEAPC;;2024-10-22;2210202420241022-09.17.22.978782 -;*CB COM PHARMAMERIQUES 211024;-0.45;*CB COM PHARMAMERIQUES 211024 CONTRAT 8413785 REM 179566   
786;CEAPC;;2024-10-22;2210202420241022-09.17.22.962841 -;*CB COM PHARMAMERIQUES 211024;-0.72;*CB COM PHARMAMERIQUES 211024 CONTRAT 8413785 REM 175380   
787;CEAPC;;2024-10-22;2210202420241022-09.17.22.949207 -;*CB COM PHARMAMERIQUES 211024;-1.1;*CB COM PHARMAMERIQUES 211024 CONTRAT 8413786 REM 178813   
788;CEAPC;;2024-10-22;2210202420241022-09.17.22.936175 -;*CB COM PHARMAMERIQUES 211024;-2.11;*CB COM PHARMAMERIQUES 211024 CONTRAT 8413786 REM 175605   
833;CEAPC;;2024-10-21;2110202420241021-08.37.24.680316 -;*CB COM PHARMAMERIQUES 191024;-0.19;*CB COM PHARMAMERIQUES 191024 CONTRAT 8413786 REM 151605   
834;CEAPC;;2024-10-21;2110202420241021-08.37.24.669396 -;*CB COM PHARMAMERIQUES 191024;-0.65;*CB COM PHARMAMERIQUES 191024 CONTRAT 8413786 REM 142561   
835;CEAPC;;2024-10-21;2110202420241021-08.37.24.659149 -;*CB COM PHARMAMERIQUES 191024;-0.06;*CB COM PHARMAMERIQUES 191024 CONTRAT 8413785 REM 144070   
840;CEAPC;;2024-10-21;2110202420241021-02.49.31.106115 -;PRLV CERP SAS;-4379.1;PRLV CERP SAS PRELEVEMENT CERP ROUEN DDE N 000 01 ECHEANCE 19102024 MONTANT 4379.10 
841;CEAPC;;2024-10-21;2110202420241021-02.49.31.102370 -;PRLV OCP;-14790.56;PRLV OCP Z9633450900  4092008787   
853;CEAPC;;2024-10-19;1910202420241019-08.49.14.777420 -;*CB COM PHARMAMERIQUES 181024;-0.88;*CB COM PHARMAMERIQUES 181024 CONTRAT 8413786 REM 145215   
854;CEAPC;;2024-10-19;1910202420241019-08.49.14.767805 -;*CB COM PHARMAMERIQUES 181024;-2.24;*CB COM PHARMAMERIQUES 181024 CONTRAT 8413786 REM 140623   
855;CEAPC;;2024-10-19;1910202420241019-08.49.14.756171 -;*CB COM PHARMAMERIQUES 181024;-0.19;*CB COM PHARMAMERIQUES 181024 CONTRAT 8413785 REM 146860   
856;CEAPC;;2024-10-19;1910202420241019-08.49.14.746276 -;*CB COM PHARMAMERIQUES 181024;-0.66;*CB COM PHARMAMERIQUES 181024 CONTRAT 8413785 REM 141181   
861;CEAPC;;2024-10-19;1910202420241019-02.46.29.316814 -;LCR 127229 RLV 00000019;-761.24;LCR 127229 RLV 00000019 OPELLA HEALTHCA   
862;CEAPC;;2024-10-19;1910202420241019-02.46.29.311622 -;LCR 127126 RLV 00000019;-1125.89;LCR 127126 RLV 00000019 OCP   
865;CEAPC;;2024-10-18;1810202420241018-10.46.36.353936 -;VIREMENT SEPA PAR INTERNET;-150.83;PHARMAMERIQUES - 2024 -10 -FAC 8 8   
866;CEAPC;;2024-10-18;1810202420241018-10.45.17.681988 -;VIREMENT SEPA PAR INTERNET;-57.58;PHARMAMERIQUES - F24090252 - IDS    
879;CEAPC;;2024-10-18;1810202420241018-09.06.45.088133 -;*CB COM PHARMAMERIQUES 171024;-2.8;*CB COM PHARMAMERIQUES 171024 CONTRAT 8413786 REM 139591   
880;CEAPC;;2024-10-18;1810202420241018-09.06.45.074598 -;*CB COM PHARMAMERIQUES 171024;-1.96;*CB COM PHARMAMERIQUES 171024 CONTRAT 8413786 REM 136562   
881;CEAPC;;2024-10-18;1810202420241018-09.06.45.060201 -;*CB COM PHARMAMERIQUES 171024;-0.03;*CB COM PHARMAMERIQUES 171024 CONTRAT 8413785 REM 138088   
900;CEAPC;;2024-10-18;1810202420241018-02.50.29.162672 -;PRLV OLAQIN;-216.0;PRLV OLAQIN Facture PHARMACIE DES AMERIQUES   
921;CEAPC;;2024-10-17;1710202420241017-09.03.48.095537 -;*CB COM PHARMAMERIQUES 161024;-0.99;*CB COM PHARMAMERIQUES 161024 CONTRAT 8413786 REM 139029   
922;CEAPC;;2024-10-17;1710202420241017-09.03.48.080168 -;*CB COM PHARMAMERIQUES 161024;-2.49;*CB COM PHARMAMERIQUES 161024 CONTRAT 8413786 REM 136751   
923;CEAPC;;2024-10-17;1710202420241017-09.03.48.064635 -;*CB COM PHARMAMERIQUES 161024;-0.12;*CB COM PHARMAMERIQUES 161024 CONTRAT 8413785 REM 136338   
924;CEAPC;;2024-10-17;1710202420241017-09.03.48.046472 -;*CB COM PHARMAMERIQUES 161024;-0.58;*CB COM PHARMAMERIQUES 161024 CONTRAT 8413785 REM 127101   
939;CEAPC;;2024-10-17;1710202420241017-02.48.23.506353 -;PRLV NORCAP;-1072.25;PRLV NORCAP 6701   
940;CEAPC;;2024-10-17;1710202420241017-02.48.23.500230 -;PRLV GC RE MANGOPAY;-318.38;PRLV GC RE MANGOPAY Le Comptoir des Pharmacies   
960;CEAPC;;2024-10-16;1610202420241016-09.11.58.990214 -;*CB COM PHARMAMERIQUES 151024;-2.53;*CB COM PHARMAMERIQUES 151024 CONTRAT 8413786 REM 140661   
961;CEAPC;;2024-10-16;1610202420241016-09.11.58.976626 -;*CB COM PHARMAMERIQUES 151024;-3.25;*CB COM PHARMAMERIQUES 151024 CONTRAT 8413786 REM 137356   
962;CEAPC;;2024-10-16;1610202420241016-09.11.58.965552 -;*CB COM PHARMAMERIQUES 151024;-0.43;*CB COM PHARMAMERIQUES 151024 CONTRAT 8413785 REM 142217   
963;CEAPC;;2024-10-16;1610202420241016-09.11.58.953813 -;*CB COM PHARMAMERIQUES 151024;-0.17;*CB COM PHARMAMERIQUES 151024 CONTRAT 8413785 REM 136933   
987;CEAPC;;2024-10-16;1610202420241016-02.48.18.174213 -;PRLV URSSAF DE POITOU CHARENTES;-1752.0;PRLV URSSAF DE POITOU CHARENTES UR 547000001342983721    SEPT247 53644152000151024  
988;CEAPC;;2024-10-16;1610202420241016-02.48.02.431036 -;LCR 125862 RLV 00000018;-823.48;LCR 125862 RLV 00000018 LABORATOIRES NA   
989;CEAPC;;2024-10-16;1610202420241016-02.48.02.428607 -;LCR 125039 RLV 00000018;-989.33;LCR 125039 RLV 00000018 CENTRE   SPECIA   
990;CEAPC;;2024-10-16;1610202420241016-02.48.02.426775 -;LCR 124198 RLV 00000018;-28.08;LCR 124198 RLV 00000018 SELAS PHARMACIE   
991;CEAPC;;2024-10-16;1610202420241016-02.48.02.420632 -;LCR 123451 RLV 00000017;-490.8;LCR 123451 RLV 00000017 COOP PHARMACEUT   
998;CEAPC;;2024-10-15;1510202420241015-09.11.16.201885 -;*CB COM PHARMAMERIQUES 141024;-1.47;*CB COM PHARMAMERIQUES 141024 CONTRAT 8413786 REM 154600   
999;CEAPC;;2024-10-15;1510202420241015-09.11.16.186915 -;*CB COM PHARMAMERIQUES 141024;-4.3;*CB COM PHARMAMERIQUES 141024 CONTRAT 8413786 REM 149576   
1000;CEAPC;;2024-10-15;1510202420241015-09.11.16.170349 -;*CB COM PHARMAMERIQUES 141024;-1.74;*CB COM PHARMAMERIQUES 141024 CONTRAT 8413785 REM 156198   
1001;CEAPC;;2024-10-15;1510202420241015-09.11.16.156020 -;*CB COM PHARMAMERIQUES 141024;-0.12;*CB COM PHARMAMERIQUES 141024 CONTRAT 8413785 REM 147692   
1012;CEAPC;;2024-10-15;1510202420241015-02.46.56.212998 -;PRLV OCP;-3450.99;PRLV OCP Z9633450900  3003   
1013;CEAPC;;2024-10-15;1510202420241015-02.46.11.435150 -;PRLV NORCAP;-1526.11;PRLV NORCAP 6701   
1014;CEAPC;;2024-10-15;1510202420241015-02.46.11.429889 -;PRLV GC RE MANGOPAY;-340.04;PRLV GC RE MANGOPAY Le Comptoir des Pharmacies   
1033;CEAPC;;2024-10-14;1410202420241014-08.38.43.995620 -;*CB COM PHARMAMERIQUES 121024;-0.22;*CB COM PHARMAMERIQUES 121024 CONTRAT 8413786 REM 120270   
1034;CEAPC;;2024-10-14;1410202420241014-08.38.43.983981 -;*CB COM PHARMAMERIQUES 121024;-0.52;*CB COM PHARMAMERIQUES 121024 CONTRAT 8413786 REM 117586   
1035;CEAPC;;2024-10-14;1410202420241014-08.38.43.971775 -;*CB COM PHARMAMERIQUES 121024;-0.07;*CB COM PHARMAMERIQUES 121024 CONTRAT 8413785 REM 121368   
1052;CEAPC;;2024-12-10;1210202420241012-09.19.26.991217 -;179894 - SELARL PHARMAMERIQUES;-259.0;179894 - SELARL PHARMAMERIQUES    
1053;CEAPC;;2024-12-10;1210202420241012-09.14.13.067433 -;PHARMACIE DES AMERIQUES DE0000;-546.26;PHARMACIE DES AMERIQUES DE000075 47   
1054;CEAPC;;2024-12-10;1210202420241012-08.47.23.991105 -;*CB COM PHARMAMERIQUES 111024;-0.96;*CB COM PHARMAMERIQUES 111024 CONTRAT 8413786 REM 116105   
1055;CEAPC;;2024-12-10;1210202420241012-08.47.23.984710 -;*CB COM PHARMAMERIQUES 111024;-1.78;*CB COM PHARMAMERIQUES 111024 CONTRAT 8413786 REM 111459   
1056;CEAPC;;2024-12-10;1210202420241012-08.47.23.977829 -;*CB COM PHARMAMERIQUES 111024;-0.07;*CB COM PHARMAMERIQUES 111024 CONTRAT 8413785 REM 118463   
1057;CEAPC;;2024-12-10;1210202420241012-08.47.23.971349 -;*CB COM PHARMAMERIQUES 111024;-0.12;*CB COM PHARMAMERIQUES 111024 CONTRAT 8413785 REM 111438   
1085;CEAPC;;2024-11-10;1110202420241011-08.57.41.040822 -;*CB COM PHARMAMERIQUES 101024;-1.8;*CB COM PHARMAMERIQUES 101024 CONTRAT 8413786 REM 110578   
1086;CEAPC;;2024-11-10;1110202420241011-08.57.41.033231 -;*CB COM PHARMAMERIQUES 101024;-1.88;*CB COM PHARMAMERIQUES 101024 CONTRAT 8413786 REM 107246   
1087;CEAPC;;2024-11-10;1110202420241011-08.57.41.022485 -;*CB COM PHARMAMERIQUES 101024;-0.41;*CB COM PHARMAMERIQUES 101024 CONTRAT 8413785 REM 113592   
1088;CEAPC;;2024-11-10;1110202420241011-08.57.41.015431 -;*CB COM PHARMAMERIQUES 101024;-2.76;*CB COM PHARMAMERIQUES 101024 CONTRAT 8413785 REM 106157   
1094;CEAPC;;2024-11-10;1110202420241011-03.20.55.476681 -;*FRAIS 1 VIR INST;-1.0;*FRAIS 1 VIR INST    
1095;CEAPC;;2024-11-10;1110202420241011-03.20.55.467934 -;*FRAIS 2 VIR INST;-2.0;*FRAIS 2 VIR INST    
1114;CEAPC;;2024-11-10;1110202420241011-02.50.37.694999 -;PRLV CERP SAS;-2490.73;PRLV CERP SAS PRELEVEMENT CERP ROUEN DDE N 000 01 ECHEANCE 11102024 MONTANT 2490.73 
1115;CEAPC;;2024-11-10;1110202420241011-02.50.32.757923 -;LCR 119409 RLV 00000016;-360.97;LCR 119409 RLV 00000016 PIERRE FABRE DE   
1116;CEAPC;;2024-11-10;1110202420241011-02.50.32.753770 -;LCR 118977 RLV 00000016;-1418.15;LCR 118977 RLV 00000016 OPELLA HEALTHCA   
1127;CEAPC;;2024-10-10;1010202420241010-09.36.47.365095 -;VIR INST ALLOGA FRANCE;-903.39;FACT 980582591 CLIENT 1010002937    
1133;CEAPC;;2024-10-10;1010202420241010-09.31.31.856774 -;VIR INST ALLOGA FRANCE;-522.97;ALLOGA FACT 3480071478 CLIENT 10 10002937   
1134;CEAPC;;2024-10-10;1010202420241010-09.27.44.982665 -;VIR INST ALLOGA FRANCE;-1482.94;FACTURE RECKITT BENCKIS FACT 614 77645 CLIENT 1010002937   
1135;CEAPC;;2024-10-10;1010202420241010-08.48.14.598990 -;*CB COM PHARMAMERIQUES 091024;-0.01;*CB COM PHARMAMERIQUES 091024 CONTRAT 8413785 REM 195416   
1136;CEAPC;;2024-10-10;1010202420241010-08.48.14.591073 -;*CB COM PHARMAMERIQUES 091024;-0.58;*CB COM PHARMAMERIQUES 091024 CONTRAT 8413786 REM 110653   
1137;CEAPC;;2024-10-10;1010202420241010-08.48.14.584653 -;*CB COM PHARMAMERIQUES 091024;-2.41;*CB COM PHARMAMERIQUES 091024 CONTRAT 8413786 REM 106138   
1138;CEAPC;;2024-10-10;1010202420241010-08.48.14.577210 -;*CB COM PHARMAMERIQUES 091024;-0.06;*CB COM PHARMAMERIQUES 091024 CONTRAT 8413785 REM 106232   
1143;CEAPC;;2024-10-10;1010202420241010-03.05.58.852059 -;ECH PRET   579478G DU 10/10/24;-31.28;ECH PRET   579478G DU 10/10/24    
1144;CEAPC;;2024-10-10;1010202420241010-03.05.58.842213 -;ECH PRET   579451G DU 10/10/24;-2632.5;ECH PRET   579451G DU 10/10/24    
1150;CEAPC;;2024-10-10;1010202420241010-02.47.10.049922 -;PRLV ABBOTT FRANCE SAS;-1136.55;PRLV ABBOTT FRANCE SAS Abbott SAS SEPA Debit // Pmt Rmt 9900291663  
1151;CEAPC;;2024-10-10;1010202420241010-02.47.10.047628 -;PRLV ABEILLE VIE-ABEILLE VIE SOC;-109.23;PRLV ABEILLE VIE-ABEILLE VIE SOC 02014265140M AC 2241010TTFSF PRL V ABEILLE VIE  
1152;CEAPC;;2024-10-10;1010202420241010-02.47.10.043611 -;PRLV OCP;-14443.42;PRLV OCP Z9633450900  4091006379   
1169;CEAPC;;2024-09-10;0910202420241009-08.49.37.882579 -;*CB COM PHARMAMERIQUES 081024;-1.34;*CB COM PHARMAMERIQUES 081024 CONTRAT 8413786 REM 109168   
1170;CEAPC;;2024-09-10;0910202420241009-08.49.37.870278 -;*CB COM PHARMAMERIQUES 081024;-3.01;*CB COM PHARMAMERIQUES 081024 CONTRAT 8413786 REM 106428   
1171;CEAPC;;2024-09-10;0910202420241009-08.49.37.857994 -;*CB COM PHARMAMERIQUES 081024;-0.09;*CB COM PHARMAMERIQUES 081024 CONTRAT 8413785 REM 111375   
1172;CEAPC;;2024-09-10;0910202420241009-08.49.37.845711 -;*CB COM PHARMAMERIQUES 081024;-0.75;*CB COM PHARMAMERIQUES 081024 CONTRAT 8413785 REM 105462   
1207;CEAPC;;2024-08-10;0810202420241008-08.59.58.014809 -;*CB COM PHARMAMERIQUES 071024;-2.13;*CB COM PHARMAMERIQUES 071024 CONTRAT 8413786 REM 120661   
1208;CEAPC;;2024-08-10;0810202420241008-08.59.58.002138 -;*CB COM PHARMAMERIQUES 071024;-2.6;*CB COM PHARMAMERIQUES 071024 CONTRAT 8413786 REM 117987   
1209;CEAPC;;2024-08-10;0810202420241008-08.59.57.993718 -;*CB COM PHARMAMERIQUES 071024;-0.37;*CB COM PHARMAMERIQUES 071024 CONTRAT 8413785 REM 122238   
1210;CEAPC;;2024-08-10;0810202420241008-08.59.57.986782 -;*CB COM PHARMAMERIQUES 071024;-0.42;*CB COM PHARMAMERIQUES 071024 CONTRAT 8413785 REM 117573   
1234;CEAPC;;2024-08-10;0810202420241008-02.52.29.970228 -;PRLV NORCAP;-679.32;PRLV NORCAP 6701   
1235;CEAPC;;2024-08-10;0810202420241008-02.51.21.874595 -;LCR 117572 RLV 00000015;-600.8;LCR 117572 RLV 00000015 CSP   
1236;CEAPC;;2024-08-10;0810202420241008-02.51.21.872135 -;LCR 117450 RLV 00000015;-15.16;LCR 117450 RLV 00000015 LABORATOIRE GLA   
1237;CEAPC;;2024-08-10;0810202420241008-02.51.21.871052 -;PRLV NORCAP;-1159.54;PRLV NORCAP 6701   
1238;CEAPC;;2024-08-10;0810202420241008-02.51.21.869663 -;PRLV AXA FRANCE IARD SA;-106.76;PRLV AXA FRANCE IARD SA I0000807204086-CONTRAT0000011269 795204  
1239;CEAPC;;2024-08-10;0810202420241008-02.51.21.867625 -;PRLV INEXWEB;-12.6;PRLV INEXWEB Facture In Extenso 2410-00206742 8  
1240;CEAPC;;2024-08-10;0810202420241008-02.51.21.866174 -;PRLV TotalEnergies Electricite e;-187.31;PRLV TotalEnergies Electricite e Prelevement TotalEnergies Electr icite et Gaz France-Reference cl ient 115151523 
1241;CEAPC;;2024-08-10;0810202420241008-02.51.21.862408 -;PRLV ASSURANCES MEDICALES SA;-41.17;PRLV ASSURANCES MEDICALES SA UNIMSANT echeance 10/2024   
1261;CEAPC;;2024-07-10;0710202420241007-08.59.10.956478 -;*CB COM PHARMAMERIQUES 051024;-0.59;*CB COM PHARMAMERIQUES 051024 CONTRAT 8413786 REM 188953   
1262;CEAPC;;2024-07-10;0710202420241007-08.59.10.950030 -;*CB COM PHARMAMERIQUES 051024;-0.26;*CB COM PHARMAMERIQUES 051024 CONTRAT 8413786 REM 185860   
1263;CEAPC;;2024-07-10;0710202420241007-08.59.10.944073 -;*CB COM PHARMAMERIQUES 051024;-0.05;*CB COM PHARMAMERIQUES 051024 CONTRAT 8413785 REM 191009   
1264;CEAPC;;2024-07-10;0710202420241007-08.59.10.938453 -;*CB COM PHARMAMERIQUES 051024;-0.18;*CB COM PHARMAMERIQUES 051024 CONTRAT 8413785 REM 185475   
1270;CEAPC;;2024-07-10;0710202420241007-04.48.54.088647 -;*    8 FRAIS DE VIREMENT SEPA;-1.68;*    8 FRAIS DE VIREMENT SEPA    
1284;CEAPC;;2024-05-10;0510202420241005-08.54.34.298999 -;*CB COM PHARMAMERIQUES 041024;-0.93;*CB COM PHARMAMERIQUES 041024 CONTRAT 8413786 REM 184377   
1285;CEAPC;;2024-05-10;0510202420241005-08.54.34.286722 -;*CB COM PHARMAMERIQUES 041024;-3.11;*CB COM PHARMAMERIQUES 041024 CONTRAT 8413786 REM 179691   
1286;CEAPC;;2024-05-10;0510202420241005-08.54.34.273033 -;*CB COM PHARMAMERIQUES 041024;-0.16;*CB COM PHARMAMERIQUES 041024 CONTRAT 8413785 REM 186820   
1287;CEAPC;;2024-05-10;0510202420241005-08.54.34.261244 -;*CB COM PHARMAMERIQUES 041024;-0.47;*CB COM PHARMAMERIQUES 041024 CONTRAT 8413785 REM 180571   
1311;CEAPC;;2024-04-10;0410202420241004-08.55.15.315874 -;*CB COM PHARMAMERIQUES 031024;-1.0;*CB COM PHARMAMERIQUES 031024 CONTRAT 8413786 REM 177517   
1312;CEAPC;;2024-04-10;0410202420241004-08.55.15.290617 -;*CB COM PHARMAMERIQUES 031024;-3.99;*CB COM PHARMAMERIQUES 031024 CONTRAT 8413786 REM 174945   
1313;CEAPC;;2024-04-10;0410202420241004-08.55.15.269728 -;*CB COM PHARMAMERIQUES 031024;-0.67;*CB COM PHARMAMERIQUES 031024 CONTRAT 8413785 REM 180289   
1314;CEAPC;;2024-04-10;0410202420241004-08.55.15.251739 -;*CB COM PHARMAMERIQUES 031024;-0.33;*CB COM PHARMAMERIQUES 031024 CONTRAT 8413785 REM 174301   
1315;CEAPC;;2024-04-10;0410202420241004-08.54.45.873161 -;*CB COM PHARMAMERIQUES 031024;-3.1;*CB COM PHARMAMERIQUES 031024 CONTRAT 8413786 REM 135313   
1316;CEAPC;;2024-04-10;0410202420241004-08.54.45.851106 -;*CB COM PHARMAMERIQUES 031024;-0.35;*CB COM PHARMAMERIQUES 031024 CONTRAT 8413785 REM 135311   
1339;CEAPC;;2024-04-10;0410202420241004-02.51.39.270443 -;LCR 114889 RLV 00000014;-1990.83;LCR 114889 RLV 00000014 CENTRE   SPECIA   
1340;CEAPC;;2024-04-10;0410202420241004-01.55.08.597181 -;CB CARREFOUR CITY  FACT 160924;-9.55;CB CARREFOUR CITY  FACT 160924    
1341;CEAPC;;2024-04-10;0410202420241004-01.55.08.578029 -;CB AMAZON PAYMENTS FACT 140924;-53.98;CB AMAZON PAYMENTS FACT 140924    
1342;CEAPC;;2024-04-10;0410202420241004-01.55.08.563055 -;CB AMAZON PAYMENTS FACT 120924;-53.98;CB AMAZON PAYMENTS FACT 120924    
1343;CEAPC;;2024-04-10;0410202420241004-01.55.08.543474 -;CB AMAZON PAYMENTS FACT 020924;-76.64;CB AMAZON PAYMENTS FACT 020924    
1366;CEAPC;;2024-03-10;0310202420241003-09.10.23.265886 -;*CB COM PHARMAMERIQUES 021024;-1.65;*CB COM PHARMAMERIQUES 021024 CONTRAT 8413786 REM 175152   
1367;CEAPC;;2024-03-10;0310202420241003-09.10.23.250875 -;*CB COM PHARMAMERIQUES 021024;-0.35;*CB COM PHARMAMERIQUES 021024 CONTRAT 8413785 REM 161078   
1368;CEAPC;;2024-03-10;0310202420241003-09.09.49.120827 -;*CB COM PHARMAMERIQUES 021024;-2.21;*CB COM PHARMAMERIQUES 021024 CONTRAT 8413786 REM 128899   
1369;CEAPC;;2024-03-10;0310202420241003-09.09.49.109377 -;*CB COM PHARMAMERIQUES 021024;-0.15;*CB COM PHARMAMERIQUES 021024 CONTRAT 8413785 REM 129128   
1370;CEAPC;;2024-03-10;0310202420241003-09.01.47.507719 -;VIREMENT SEPA PAR INTERNET;-2200.87;TAXE FONCIERE 2024    
1387;CEAPC;;2024-03-10;0310202420241003-02.48.08.984480 -;PRLV CERP SAS;-2662.28;PRLV CERP SAS PRELEVEMENT CERP ROUEN DDE N 000 01 ECHEANCE 03102024 MONTANT 2662.28 
1388;CEAPC;;2024-03-10;0310202420241003-02.48.08.981164 -;PRLV NORCAP;-886.31;PRLV NORCAP 6701   
1389;CEAPC;;2024-03-10;0310202420241003-02.47.58.100052 -;LCR 113887 RLV 00000013;-2711.12;LCR 113887 RLV 00000013 LABORATOIRES S   
1405;CEAPC;;2024-02-10;0210202420241002-08.48.45.978159 -;*CB COM PHARMAMERIQUES 011024;-0.87;*CB COM PHARMAMERIQUES 011024 CONTRAT 8413786 REM 167851   
1406;CEAPC;;2024-02-10;0210202420241002-08.48.45.949631 -;*CB COM PHARMAMERIQUES 011024;-0.26;*CB COM PHARMAMERIQUES 011024 CONTRAT 8413785 REM 171540   
1418;CEAPC;;2024-02-10;0210202420241002-02.49.11.255326 -;LCR 113164 RLV 00000012;-732.72;LCR 113164 RLV 00000012 COOP PHARMACEUT   
1423;CEAPC;;2024-01-10;0110202420241001-15.07.46.153958 -;*CB COM PHARMAMERIQUES 300924;-2.64;*CB COM PHARMAMERIQUES 300924 CONTRAT 8413786 REM 182473   
1424;CEAPC;;2024-01-10;0110202420241001-15.07.46.138528 -;*CB COM PHARMAMERIQUES 300924;-3.42;*CB COM PHARMAMERIQUES 300924 CONTRAT 8413786 REM 175252   
1425;CEAPC;;2024-01-10;0110202420241001-15.07.46.116462 -;*CB COM PHARMAMERIQUES 300924;-1.57;*CB COM PHARMAMERIQUES 300924 CONTRAT 8413785 REM 183293   
1426;CEAPC;;2024-01-10;0110202420241001-15.07.46.089963 -;*CB COM PHARMAMERIQUES 300924;-1.25;*CB COM PHARMAMERIQUES 300924 CONTRAT 8413785 REM 174904   
1466;CEAPC;;2024-01-10;0110202420241001-02.48.36.169590 -;PRLV CEGELEASE;-334.8;PRLV CEGELEASE 27218917 82409269 7839956   
1467;CEAPC;;2024-01-10;0110202420241001-02.47.57.333321 -;LCR 107856 RLV 00000011;-828.19;LCR 107856 RLV 00000011 S.A.S.   LACTAL   
1468;CEAPC;;2024-01-10;0110202420241001-02.47.57.331827 -;LCR 101222 RLV 00000010;-407.37;LCR 101222 RLV 00000010 HANDI PHARM CHA   
1469;CEAPC;;2024-01-10;0110202420241001-02.47.57.330236 -;LCR 100878 RLV 00000010;-403.84;LCR 100878 RLV 00000010 JANSSEN CILAG   
1470;CEAPC;;2024-01-10;0110202420241001-02.47.57.328215 -;LCR 097814 RLV 00000010;-113.58;LCR 097814 RLV 00000010 DAVOUST MAXIME   
1471;CEAPC;;2024-01-10;0110202420241001-02.47.57.326352 -;LCR 096961 RLV 00000010;-30.64;LCR 096961 RLV 00000010 THUASNE SAS   
1472;CEAPC;;2024-01-10;0110202420241001-02.47.57.324752 -;LCR 095808 RLV 00000009;-1728.57;LCR 095808 RLV 00000009 LABORATOIRES UR   
1473;CEAPC;;2024-01-10;0110202420241001-02.47.57.317198 -;LCR 095753 RLV 00000009;-498.29;LCR 095753 RLV 00000009 PIERRE FABRE ME   
1489;CEAPC;;2024-09-30;3009202420240930-08.38.36.055405 -;*CB COM PHARMAMERIQUES 290924;-0.47;*CB COM PHARMAMERIQUES 290924 CONTRAT 8413786 REM 117373   
1490;CEAPC;;2024-09-30;3009202420240930-08.38.36.040260 -;*CB COM PHARMAMERIQUES 290924;-0.04;*CB COM PHARMAMERIQUES 290924 CONTRAT 8413785 REM 116977   
1491;CEAPC;;2024-09-30;3009202420240930-08.38.36.026579 -;*CB COM PHARMAMERIQUES 280924;-0.39;*CB COM PHARMAMERIQUES 280924 CONTRAT 8413786 REM 145747   
1492;CEAPC;;2024-09-30;3009202420240930-08.38.36.014055 -;*CB COM PHARMAMERIQUES 280924;-0.11;*CB COM PHARMAMERIQUES 280924 CONTRAT 8413785 REM 146029   
1498;CEAPC;;2024-09-30;3009202420240930-03.02.20.978346 -;VIR SEPA PHARMACIE DES AMERIQUES;-6375.28;    
1499;CEAPC;;2024-09-30;3009202420240930-03.02.20.962049 -;VIR SEPA PIERRE MOREAU;-3242.21;    
1500;CEAPC;;2024-09-30;3009202420240930-02.47.28.158972 -;PRLV NORCAP;-468.54;PRLV NORCAP 6701   
1501;CEAPC;;2024-09-30;3009202420240930-02.47.28.156160 -;PRLV OSPHAREA;-15.22;PRLV OSPHAREA FRANCE   
1502;CEAPC;;2024-09-30;3009202420240930-02.47.28.153398 -;PRLV OCP;-16127.32;PRLV OCP Z9633450900  4083108503   
1503;CEAPC;;2024-09-30;3009202420240930-02.47.28.149030 -;PRLV BOIRON SA;-88.95;PRLV BOIRON SA    
1515;CEAPC;;2024-09-28;2809202420240928-08.47.27.558141 -;*CB COM PHARMAMERIQUES 270924;-1.14;*CB COM PHARMAMERIQUES 270924 CONTRAT 8413786 REM 140924   
1516;CEAPC;;2024-09-28;2809202420240928-08.47.27.546717 -;*CB COM PHARMAMERIQUES 270924;-1.74;*CB COM PHARMAMERIQUES 270924 CONTRAT 8413786 REM 135551   
1517;CEAPC;;2024-09-28;2809202420240928-08.47.27.532542 -;*CB COM PHARMAMERIQUES 270924;-0.32;*CB COM PHARMAMERIQUES 270924 CONTRAT 8413785 REM 143037   
1518;CEAPC;;2024-09-28;2809202420240928-08.47.27.516726 -;*CB COM PHARMAMERIQUES 270924;-0.23;*CB COM PHARMAMERIQUES 270924 CONTRAT 8413785 REM 138492   
1519;CEAPC;;2024-09-28;2809202420240928-08.47.00.550546 -;*CB COM PHARMAMERIQUES 270924;-1.4;*CB COM PHARMAMERIQUES 270924 CONTRAT 8413786 REM 196887   
1520;CEAPC;;2024-09-28;2809202420240928-08.47.00.537797 -;*CB COM PHARMAMERIQUES 270924;-0.38;*CB COM PHARMAMERIQUES 270924 CONTRAT 8413785 REM 198321   
1533;CEAPC;;2024-09-27;2709202420240927-10.01.43.005965 -;VIREMENT SEPA PAR INTERNET;-4165.0;SEPT 2024 - PHARMAMERIQUES    
1534;CEAPC;;2024-09-27;2709202420240927-09.58.33.892089 -;VIREMENT SEPA PAR INTERNET;-2220.12;SEPT 2024 - PHARMAMERIQUES    
1535;CEAPC;;2024-09-27;2709202420240927-09.55.46.099287 -;VIREMENT SEPA PAR INTERNET;-1434.93;SEPT 2024 - LUCILE    
1536;CEAPC;;2024-09-27;2709202420240927-09.52.59.071954 -;VIREMENT SEPA PAR INTERNET;-179.21;SALAIRE SEPTEMBRE 2024    
1550;CEAPC;;2024-09-27;2709202420240927-08.53.09.153751 -;*CB COM PHARMAMERIQUES 260924;-1.13;*CB COM PHARMAMERIQUES 260924 CONTRAT 8413786 REM 137122   
1551;CEAPC;;2024-09-27;2709202420240927-08.53.09.142131 -;*CB COM PHARMAMERIQUES 260924;-0.19;*CB COM PHARMAMERIQUES 260924 CONTRAT 8413785 REM 136603   
1573;CEAPC;;2024-09-27;2709202420240927-02.48.29.493498 -;PRLV CERP SAS;-5144.06;PRLV CERP SAS PRELEVEMENT CERP ROUEN DDE N 000 01 ECHEANCE 27092024 MONTANT 5144.06 
1591;CEAPC;;2024-09-26;2609202420240926-09.05.03.576145 -;*CB COM PHARMAMERIQUES 250924;-1.06;*CB COM PHARMAMERIQUES 250924 CONTRAT 8413786 REM 132375   
1592;CEAPC;;2024-09-26;2609202420240926-09.05.03.556325 -;*CB COM PHARMAMERIQUES 250924;-1.52;*CB COM PHARMAMERIQUES 250924 CONTRAT 8413786 REM 130398   
1593;CEAPC;;2024-09-26;2609202420240926-09.05.03.541811 -;*CB COM PHARMAMERIQUES 250924;-0.02;*CB COM PHARMAMERIQUES 250924 CONTRAT 8413785 REM 128936   
1594;CEAPC;;2024-09-26;2609202420240926-09.05.03.516736 -;*CB COM PHARMAMERIQUES 250924;-0.16;*CB COM PHARMAMERIQUES 250924 CONTRAT 8413785 REM 119518   
1595;CEAPC;;2024-09-26;2609202420240926-09.04.26.778990 -;*CB COM PHARMAMERIQUES 250924;-2.2;*CB COM PHARMAMERIQUES 250924 CONTRAT 8413786 REM 192086   
1596;CEAPC;;2024-09-26;2609202420240926-09.04.26.757907 -;*CB COM PHARMAMERIQUES 250924;-0.74;*CB COM PHARMAMERIQUES 250924 CONTRAT 8413785 REM 191264   
1613;CEAPC;;2024-09-26;2609202420240926-02.45.50.456993 -;PRLV NORCAP;-933.55;PRLV NORCAP 6701   
1631;CEAPC;;2024-09-25;2509202420240925-09.11.19.323369 -;*CB COM PHARMAMERIQUES 240924;-1.11;*CB COM PHARMAMERIQUES 240924 CONTRAT 8413786 REM 132581   
1632;CEAPC;;2024-09-25;2509202420240925-09.11.19.312344 -;*CB COM PHARMAMERIQUES 240924;-0.18;*CB COM PHARMAMERIQUES 240924 CONTRAT 8413785 REM 134512   
1652;CEAPC;;2024-09-25;2509202420240925-02.48.35.919632 -;PRLV In Extenso Centre Ouest;-1009.44;PRLV In Extenso Centre Ouest MAV0005045,MFA0287555,MFA0289122   
1653;CEAPC;;2024-09-25;2509202420240925-02.48.35.913510 -;PRLV GIE KLESIA COTIS;-697.75;PRLV GIE KLESIA COTIS RETRAITE - GIE KLESIA COTIS - 20 2408M - SIRET 92983182400016 -AG 023000021603811 
1670;CEAPC;;2024-09-24;2409202420240924-08.54.36.691889 -;*CB COM PHARMAMERIQUES 230924;-3.08;*CB COM PHARMAMERIQUES 230924 CONTRAT 8413786 REM 146108   
1671;CEAPC;;2024-09-24;2409202420240924-08.54.36.674373 -;*CB COM PHARMAMERIQUES 230924;-3.62;*CB COM PHARMAMERIQUES 230924 CONTRAT 8413786 REM 141588   
1672;CEAPC;;2024-09-24;2409202420240924-08.54.36.655609 -;*CB COM PHARMAMERIQUES 230924;-0.11;*CB COM PHARMAMERIQUES 230924 CONTRAT 8413785 REM 147378   
1673;CEAPC;;2024-09-24;2409202420240924-08.54.36.641734 -;*CB COM PHARMAMERIQUES 230924;-0.22;*CB COM PHARMAMERIQUES 230924 CONTRAT 8413785 REM 142990   
1679;CEAPC;;2024-09-24;2409202420240924-03.07.16.441345 -;PRLV B2B DGFIP;-124.0;    
1709;CEAPC;;2024-09-23;2309202420240923-09.07.15.387990 -;*CB COM PHARMAMERIQUES 210924;-0.18;*CB COM PHARMAMERIQUES 210924 CONTRAT 8413786 REM 112053   
1710;CEAPC;;2024-09-23;2309202420240923-09.07.15.373277 -;*CB COM PHARMAMERIQUES 210924;-0.93;*CB COM PHARMAMERIQUES 210924 CONTRAT 8413786 REM 107488   
1711;CEAPC;;2024-09-23;2309202420240923-09.07.15.360686 -;*CB COM PHARMAMERIQUES 210924;-0.15;*CB COM PHARMAMERIQUES 210924 CONTRAT 8413785 REM 111691   
1712;CEAPC;;2024-09-23;2309202420240923-09.07.15.348242 -;*CB COM PHARMAMERIQUES 210924;-0.03;*CB COM PHARMAMERIQUES 210924 CONTRAT 8413785 REM 106792   
1717;CEAPC;;2024-09-23;2309202420240923-02.47.49.837216 -;PRLV NORCAP;-399.67;PRLV NORCAP 6701   
1734;CEAPC;;2024-09-21;2109202420240921-08.52.35.141479 -;*CB COM PHARMAMERIQUES 200924;-0.78;*CB COM PHARMAMERIQUES 200924 CONTRAT 8413786 REM 106153   
1735;CEAPC;;2024-09-21;2109202420240921-08.52.35.130559 -;*CB COM PHARMAMERIQUES 200924;-2.53;*CB COM PHARMAMERIQUES 200924 CONTRAT 8413786 REM 101141   
1736;CEAPC;;2024-09-21;2109202420240921-08.52.35.119098 -;*CB COM PHARMAMERIQUES 200924;-0.18;*CB COM PHARMAMERIQUES 200924 CONTRAT 8413785 REM 108441   
1737;CEAPC;;2024-09-21;2109202420240921-08.52.35.108161 -;*CB COM PHARMAMERIQUES 200924;-0.03;*CB COM PHARMAMERIQUES 200924 CONTRAT 8413785 REM 100615   
1758;CEAPC;;2024-09-20;2009202420240920-09.09.07.933167 -;*CB COM PHARMAMERIQUES 190924;-1.2;*CB COM PHARMAMERIQUES 190924 CONTRAT 8413786 REM 198581   
1759;CEAPC;;2024-09-20;2009202420240920-09.09.07.919473 -;*CB COM PHARMAMERIQUES 190924;-1.61;*CB COM PHARMAMERIQUES 190924 CONTRAT 8413786 REM 193851   
1760;CEAPC;;2024-09-20;2009202420240920-09.09.07.907417 -;*CB COM PHARMAMERIQUES 190924;-0.16;*CB COM PHARMAMERIQUES 190924 CONTRAT 8413785 REM 100839   
1761;CEAPC;;2024-09-20;2009202420240920-09.09.07.896290 -;*CB COM PHARMAMERIQUES 190924;-0.29;*CB COM PHARMAMERIQUES 190924 CONTRAT 8413785 REM 193396   
1785;CEAPC;;2024-09-20;2009202420240920-02.46.04.093043 -;PRLV OCP;-16264.63;PRLV OCP Z9633450900  4082009483   
1801;CEAPC;;2024-09-19;1909202420240919-09.04.32.598556 -;*CB COM PHARMAMERIQUES 180924;-2.83;*CB COM PHARMAMERIQUES 180924 CONTRAT 8413786 REM 193912   
1802;CEAPC;;2024-09-19;1909202420240919-09.04.32.584261 -;*CB COM PHARMAMERIQUES 180924;-2.53;*CB COM PHARMAMERIQUES 180924 CONTRAT 8413786 REM 190704   
1803;CEAPC;;2024-09-19;1909202420240919-09.04.32.567673 -;*CB COM PHARMAMERIQUES 180924;-0.43;*CB COM PHARMAMERIQUES 180924 CONTRAT 8413785 REM 190059   
1804;CEAPC;;2024-09-19;1909202420240919-09.04.32.554207 -;*CB COM PHARMAMERIQUES 180924;-0.52;*CB COM PHARMAMERIQUES 180924 CONTRAT 8413785 REM 180356   
1820;CEAPC;;2024-09-19;1909202420240919-02.50.50.063153 -;PRLV CERP SAS;-1235.63;PRLV CERP SAS PRELEVEMENT CERP ROUEN DDE N 000 01 ECHEANCE 19092024 MONTANT 1235.63 
1841;CEAPC;;2024-09-18;1809202420240918-09.09.28.278042 -;*CB COM PHARMAMERIQUES 170924;-0.41;*CB COM PHARMAMERIQUES 170924 CONTRAT 8413785 REM 187541   
1842;CEAPC;;2024-09-18;1809202420240918-09.09.28.262935 -;*CB COM PHARMAMERIQUES 170924;-2.03;*CB COM PHARMAMERIQUES 170924 CONTRAT 8413786 REM 197507   
1843;CEAPC;;2024-09-18;1809202420240918-09.09.28.246044 -;*CB COM PHARMAMERIQUES 170924;-3.7;*CB COM PHARMAMERIQUES 170924 CONTRAT 8413786 REM 187981   
1844;CEAPC;;2024-09-18;1809202420240918-09.09.28.231841 -;*CB COM PHARMAMERIQUES 170924;-0.2;*CB COM PHARMAMERIQUES 170924 CONTRAT 8413785 REM 196780   
1859;CEAPC;;2024-09-18;1809202420240918-02.49.54.621114 -;PRLV NORCAP;-875.27;PRLV NORCAP 6701   
1860;CEAPC;;2024-09-18;1809202420240918-02.49.54.619633 -;PRLV SACEM-SOC AUTEUR COMPOSITEU;-84.55;PRLV SACEM-SOC AUTEUR COMPOSITEU Prelevement SACEM   
1861;CEAPC;;2024-09-18;1809202420240918-02.49.54.614277 -;PRLV SPRE;-123.3;PRLV SPRE Prelevement SPRE   
1879;CEAPC;;2024-09-17;1709202420240917-09.11.28.771016 -;*CB COM PHARMAMERIQUES 160924;-1.76;*CB COM PHARMAMERIQUES 160924 CONTRAT 8413786 REM 101068   
1880;CEAPC;;2024-09-17;1709202420240917-09.11.28.757959 -;*CB COM PHARMAMERIQUES 160924;-3.67;*CB COM PHARMAMERIQUES 160924 CONTRAT 8413786 REM 198794   
1881;CEAPC;;2024-09-17;1709202420240917-09.11.28.746928 -;*CB COM PHARMAMERIQUES 160924;-0.32;*CB COM PHARMAMERIQUES 160924 CONTRAT 8413785 REM 103076   
1882;CEAPC;;2024-09-17;1709202420240917-09.11.28.734697 -;*CB COM PHARMAMERIQUES 160924;-0.25;*CB COM PHARMAMERIQUES 160924 CONTRAT 8413785 REM 198456   
1901;CEAPC;;2024-09-17;1709202420240917-02.46.58.079400 -;PRLV URSSAF DE POITOU CHARENTES;-2315.0;PRLV URSSAF DE POITOU CHARENTES UR 547000001342983721    AOUT247 53644152000160924  
1902;CEAPC;;2024-09-17;1709202420240917-02.46.26.792317 -;LCR 088069 RLV 00000008;-150.9;LCR 088069 RLV 00000008 SANDOZ   
1918;CEAPC;;2024-09-16;1609202420240916-08.58.56.372659 -;*CB COM PHARMAMERIQUES 140924;-0.28;*CB COM PHARMAMERIQUES 140924 CONTRAT 8413786 REM 163334   
1919;CEAPC;;2024-09-16;1609202420240916-08.58.56.362905 -;*CB COM PHARMAMERIQUES 140924;-0.28;*CB COM PHARMAMERIQUES 140924 CONTRAT 8413786 REM 160451   
1922;CEAPC;;2024-09-16;1609202420240916-02.48.02.436187 -;PRLV OLAQIN;-216.0;PRLV OLAQIN Facture PHARMACIE DES AMERIQUES   
1923;CEAPC;;2024-09-16;1609202420240916-02.48.02.425937 -;PRLV OCP;-3450.99;PRLV OCP Z9633450900  3002   
1940;CEAPC;;2024-09-14;1409202420240914-08.47.29.238994 -;*CB COM PHARMAMERIQUES 130924;-2.05;*CB COM PHARMAMERIQUES 130924 CONTRAT 8413786 REM 158186   
1941;CEAPC;;2024-09-14;1409202420240914-08.47.29.226957 -;*CB COM PHARMAMERIQUES 130924;-1.79;*CB COM PHARMAMERIQUES 130924 CONTRAT 8413786 REM 153352   
1942;CEAPC;;2024-09-14;1409202420240914-08.47.29.215959 -;*CB COM PHARMAMERIQUES 130924;-0.1;*CB COM PHARMAMERIQUES 130924 CONTRAT 8413785 REM 160867   
1943;CEAPC;;2024-09-14;1409202420240914-08.47.29.205090 -;*CB COM PHARMAMERIQUES 130924;-0.13;*CB COM PHARMAMERIQUES 130924 CONTRAT 8413785 REM 154058   
1965;CEAPC;;2024-09-13;1309202420240913-08.54.19.638579 -;*CB COM PHARMAMERIQUES 120924;-1.18;*CB COM PHARMAMERIQUES 120924 CONTRAT 8413786 REM 150519   
1966;CEAPC;;2024-09-13;1309202420240913-08.54.19.624477 -;*CB COM PHARMAMERIQUES 120924;-2.15;*CB COM PHARMAMERIQUES 120924 CONTRAT 8413786 REM 146947   
1967;CEAPC;;2024-09-13;1309202420240913-08.54.19.613308 -;*CB COM PHARMAMERIQUES 120924;-0.17;*CB COM PHARMAMERIQUES 120924 CONTRAT 8413785 REM 152605   
1968;CEAPC;;2024-09-13;1309202420240913-08.54.19.598804 -;*CB COM PHARMAMERIQUES 120924;-0.25;*CB COM PHARMAMERIQUES 120924 CONTRAT 8413785 REM 146481   
1998;CEAPC;;2024-12-09;1209202420240912-09.07.51.791618 -;*CB COM PHARMAMERIQUES 110924;-1.31;*CB COM PHARMAMERIQUES 110924 CONTRAT 8413786 REM 145436   
1999;CEAPC;;2024-12-09;1209202420240912-09.07.51.778417 -;*CB COM PHARMAMERIQUES 110924;-2.53;*CB COM PHARMAMERIQUES 110924 CONTRAT 8413786 REM 142363   
2000;CEAPC;;2024-12-09;1209202420240912-09.07.51.766960 -;*CB COM PHARMAMERIQUES 110924;-0.28;*CB COM PHARMAMERIQUES 110924 CONTRAT 8413785 REM 141771   
2001;CEAPC;;2024-12-09;1209202420240912-09.07.51.754541 -;*CB COM PHARMAMERIQUES 110924;-0.39;*CB COM PHARMAMERIQUES 110924 CONTRAT 8413785 REM 131122   
2002;CEAPC;;2024-12-09;1209202420240912-09.05.54.840096 -;RETRAIT ESPECES         RET;-1600.0;RETRAIT ESPECES         RET    
2042;CEAPC;;2024-11-09;1109202420240911-09.24.57.262866 -;VIREMENT SEPA PAR INTERNET;-101.4;TAXE FONCIERE 3 CHENES    
2043;CEAPC;;2024-11-09;1109202420240911-09.14.20.811185 -;*CB COM PHARMAMERIQUES 100924;-1.65;*CB COM PHARMAMERIQUES 100924 CONTRAT 8413786 REM 142662   
2044;CEAPC;;2024-11-09;1109202420240911-09.14.20.794122 -;*CB COM PHARMAMERIQUES 100924;-2.2;*CB COM PHARMAMERIQUES 100924 CONTRAT 8413786 REM 137834   
2045;CEAPC;;2024-11-09;1109202420240911-09.14.20.776230 -;*CB COM PHARMAMERIQUES 100924;-0.58;*CB COM PHARMAMERIQUES 100924 CONTRAT 8413785 REM 144996   
2046;CEAPC;;2024-11-09;1109202420240911-09.14.20.757420 -;*CB COM PHARMAMERIQUES 100924;-0.2;*CB COM PHARMAMERIQUES 100924 CONTRAT 8413785 REM 138948   
2047;CEAPC;;2024-11-09;1109202420240911-09.06.26.191430 -;VIREMENT SEPA PAR INTERNET;-120.91;DIGITALL - JUILLET    
2065;CEAPC;;2024-11-09;1109202420240911-02.47.27.021650 -;PRLV CERP SAS;-4298.63;PRLV CERP SAS PRELEVEMENT CERP ROUEN DDE N 000 01 ECHEANCE 11092024 MONTANT 4298.63 
2078;CEAPC;;2024-10-09;1009202420240910-09.11.21.734398 -;*CB COM PHARMAMERIQUES 090924;-1.95;*CB COM PHARMAMERIQUES 090924 CONTRAT 8413786 REM 151327   
2079;CEAPC;;2024-10-09;1009202420240910-09.11.21.710416 -;*CB COM PHARMAMERIQUES 090924;-3.23;*CB COM PHARMAMERIQUES 090924 CONTRAT 8413786 REM 147256   
2080;CEAPC;;2024-10-09;1009202420240910-09.11.21.687541 -;*CB COM PHARMAMERIQUES 090924;-0.16;*CB COM PHARMAMERIQUES 090924 CONTRAT 8413785 REM 152411   
2081;CEAPC;;2024-10-09;1009202420240910-09.11.21.664462 -;*CB COM PHARMAMERIQUES 090924;-0.28;*CB COM PHARMAMERIQUES 090924 CONTRAT 8413785 REM 148634   
2086;CEAPC;;2024-10-09;1009202420240910-03.09.39.871737 -;ECH PRET   579478G DU 10/09/24;-31.28;ECH PRET   579478G DU 10/09/24    
2087;CEAPC;;2024-10-09;1009202420240910-03.09.39.857711 -;ECH PRET   579451G DU 10/09/24;-2632.5;ECH PRET   579451G DU 10/09/24    
2105;CEAPC;;2024-10-09;1009202420240910-02.50.19.438861 -;PRLV NORCAP;-1085.36;PRLV NORCAP 6701   
2106;CEAPC;;2024-10-09;1009202420240910-02.50.19.437123 -;PRLV ABEILLE VIE-ABEILLE VIE SOC;-109.23;PRLV ABEILLE VIE-ABEILLE VIE SOC 02014265140M AC 2240910VTQJQ PRL V ABEILLE VIE  
2107;CEAPC;;2024-10-09;1009202420240910-02.50.19.431440 -;PRLV OCP;-11719.91;PRLV OCP Z9633450900  4081009166   
2124;CEAPC;;2024-09-09;0909202420240909-08.58.21.358436 -;*CB COM PHARMAMERIQUES 070924;-0.37;*CB COM PHARMAMERIQUES 070924 CONTRAT 8413786 REM 115184   
2125;CEAPC;;2024-09-09;0909202420240909-08.58.21.345943 -;*CB COM PHARMAMERIQUES 070924;-0.96;*CB COM PHARMAMERIQUES 070924 CONTRAT 8413786 REM 110645   
2126;CEAPC;;2024-09-09;0909202420240909-08.58.21.329790 -;*CB COM PHARMAMERIQUES 070924;-0.04;*CB COM PHARMAMERIQUES 070924 CONTRAT 8413785 REM 111358   
2131;CEAPC;;2024-09-09;0909202420240909-02.49.39.608374 -;PRLV ASSURANCES MEDICALES SA;-123.51;PRLV ASSURANCES MEDICALES SA UNIMSANT echeance 09/2024   
2132;CEAPC;;2024-09-09;0909202420240909-02.49.39.602568 -;PRLV ASSURANCES MEDICALES UNIM-A;-71.0;PRLV ASSURANCES MEDICALES UNIM-A UNIMASSO echeance 09/2024   
2153;CEAPC;;2024-07-09;0709202420240907-08.49.00.562273 -;*CB COM PHARMAMERIQUES 060924;-0.92;*CB COM PHARMAMERIQUES 060924 CONTRAT 8413786 REM 108148   
2154;CEAPC;;2024-07-09;0709202420240907-08.49.00.547064 -;*CB COM PHARMAMERIQUES 060924;-2.32;*CB COM PHARMAMERIQUES 060924 CONTRAT 8413786 REM 103263   
2155;CEAPC;;2024-07-09;0709202420240907-08.49.00.532576 -;*CB COM PHARMAMERIQUES 060924;-0.33;*CB COM PHARMAMERIQUES 060924 CONTRAT 8413785 REM 111468   
2156;CEAPC;;2024-07-09;0709202420240907-08.49.00.518731 -;*CB COM PHARMAMERIQUES 060924;-0.17;*CB COM PHARMAMERIQUES 060924 CONTRAT 8413785 REM 105235   
2161;CEAPC;;2024-07-09;0709202420240907-03.14.09.299543 -;*FRAIS 1 VIR INST;-3.0;*FRAIS 1 VIR INST    
2162;CEAPC;;2024-07-09;0709202420240907-02.48.13.811310 -;LCR 077369 RLV 00000007;-546.15;LCR 077369 RLV 00000007 SARL ALTERRA   
2166;CEAPC;;2024-06-09;0609202420240906-11.13.28.372414 -;VIR INST CYCLABLE;-5665.0;Virement instantané    
2185;CEAPC;;2024-06-09;0609202420240906-08.54.56.866343 -;*CB COM PHARMAMERIQUES 050924;-0.14;*CB COM PHARMAMERIQUES 050924 CONTRAT 8413785 REM 195863   
2186;CEAPC;;2024-06-09;0609202420240906-08.54.56.851177 -;*CB COM PHARMAMERIQUES 050924;-1.6;*CB COM PHARMAMERIQUES 050924 CONTRAT 8413786 REM 101029   
2187;CEAPC;;2024-06-09;0609202420240906-08.54.56.838547 -;*CB COM PHARMAMERIQUES 050924;-2.94;*CB COM PHARMAMERIQUES 050924 CONTRAT 8413786 REM 197601   
2188;CEAPC;;2024-06-09;0609202420240906-08.54.56.825252 -;*CB COM PHARMAMERIQUES 050924;-0.04;*CB COM PHARMAMERIQUES 050924 CONTRAT 8413785 REM 103075   
2195;CEAPC;;2024-06-09;0609202420240906-03.30.42.416865 -;*   14 FRAIS DE VIREMENT SEPA;-2.94;*   14 FRAIS DE VIREMENT SEPA    
2206;CEAPC;;2024-06-09;0609202420240906-02.49.12.181921 -;PRLV dynamiz-pharma;-70.8;PRLV dynamiz-pharma f20240830-49419   
2223;CEAPC;;2024-05-09;0509202420240905-09.28.22.355146 -;SAS DEUX AILES - 2024-09-FAC 7;-150.83;SAS DEUX AILES AOUT    
2224;CEAPC;;2024-05-09;0509202420240905-09.23.24.510235 -;PHARMAMERIQUES - F24080118;-56.15;PHARMAMERIQUES - F24080118    
2225;CEAPC;;2024-05-09;0509202420240905-08.48.27.425903 -;*CB COM PHARMAMERIQUES 040924;-0.96;*CB COM PHARMAMERIQUES 040924 CONTRAT 8413786 REM 195719   
2226;CEAPC;;2024-05-09;0509202420240905-08.48.27.414320 -;*CB COM PHARMAMERIQUES 040924;-2.5;*CB COM PHARMAMERIQUES 040924 CONTRAT 8413786 REM 193449   
2227;CEAPC;;2024-05-09;0509202420240905-08.48.27.403671 -;*CB COM PHARMAMERIQUES 040924;-0.03;*CB COM PHARMAMERIQUES 040924 CONTRAT 8413785 REM 193289   
2246;CEAPC;;2024-05-09;0509202420240905-02.48.01.582022 -;PRLV NORCAP;-469.54;PRLV NORCAP 6701   
2247;CEAPC;;2024-05-09;0509202420240905-02.48.01.580474 -;PRLV AXA FRANCE IARD SA;-106.76;PRLV AXA FRANCE IARD SA I0000799608162-CONTRAT0000011269 795204  
2248;CEAPC;;2024-05-09;0509202420240905-02.48.01.576174 -;PRLV INEXWEB;-12.6;PRLV INEXWEB Facture In Extenso 2409-00202563 2  
2258;CEAPC;;2024-04-09;0409202420240904-08.54.37.286844 -;*CB COM PHARMAMERIQUES 030924;-1.88;*CB COM PHARMAMERIQUES 030924 CONTRAT 8413786 REM 193048   
2259;CEAPC;;2024-04-09;0409202420240904-08.54.37.274102 -;*CB COM PHARMAMERIQUES 030924;-2.7;*CB COM PHARMAMERIQUES 030924 CONTRAT 8413786 REM 190578   
2260;CEAPC;;2024-04-09;0409202420240904-08.54.37.261044 -;*CB COM PHARMAMERIQUES 030924;-0.25;*CB COM PHARMAMERIQUES 030924 CONTRAT 8413785 REM 190731   
2278;CEAPC;;2024-04-09;0409202420240904-02.51.01.226156 -;PRLV TotalEnergies Electricite e;-162.04;PRLV TotalEnergies Electricite e Prelevement TotalEnergies Electr icite et Gaz France-Reference cl ient 115151523 
2279;CEAPC;;2024-04-09;0409202420240904-02.02.01.395882 -;CB CLUBOFFICINE PR FACT 260824;-118.8;CB CLUBOFFICINE PR FACT 260824    
2280;CEAPC;;2024-04-09;0409202420240904-02.02.01.380121 -;CB CARREFOUR CITY  FACT 230824;-8.2;CB CARREFOUR CITY  FACT 230824    
2281;CEAPC;;2024-04-09;0409202420240904-02.02.01.363218 -;CB AMAZON PAYMENTS FACT 200824;-90.23;CB AMAZON PAYMENTS FACT 200824    
2282;CEAPC;;2024-04-09;0409202420240904-02.02.01.345575 -;CB OTYPO           FACT 200824;-127.51;CB OTYPO           FACT 200824    
2283;CEAPC;;2024-04-09;0409202420240904-02.02.01.327704 -;CB ATOOPHARM       FACT 140824;-82.8;CB ATOOPHARM       FACT 140824    
2284;CEAPC;;2024-04-09;0409202420240904-02.02.01.309856 -;CB Soundtrack Your FACT 140824;-378.0;CB Soundtrack Your FACT 140824    
2285;CEAPC;;2024-04-09;0409202420240904-02.02.01.295680 -;CB CARREFOUR CITY  FACT 130824;-19.1;CB CARREFOUR CITY  FACT 130824    
2286;CEAPC;;2024-04-09;0409202420240904-02.02.01.282132 -;CB AMAZON PAYMENTS FACT 070824;-62.27;CB AMAZON PAYMENTS FACT 070824    
2287;CEAPC;;2024-04-09;0409202420240904-02.02.01.259393 -;CB DECATHLON 0036  FACT 030824;-35.0;CB DECATHLON 0036  FACT 030824    
2295;CEAPC;;2024-03-09;0309202420240903-08.53.18.217991 -;*CB COM PHARMAMERIQUES 020924;-1.38;*CB COM PHARMAMERIQUES 020924 CONTRAT 8413786 REM 106384   
2296;CEAPC;;2024-03-09;0309202420240903-08.53.18.208512 -;*CB COM PHARMAMERIQUES 020924;-2.08;*CB COM PHARMAMERIQUES 020924 CONTRAT 8413786 REM 101597   
2297;CEAPC;;2024-03-09;0309202420240903-08.53.18.197515 -;*CB COM PHARMAMERIQUES 020924;-0.02;*CB COM PHARMAMERIQUES 020924 CONTRAT 8413785 REM 107057   
2298;CEAPC;;2024-03-09;0309202420240903-08.53.18.187261 -;*CB COM PHARMAMERIQUES 020924;-0.38;*CB COM PHARMAMERIQUES 020924 CONTRAT 8413785 REM 101233   
2324;CEAPC;;2024-03-09;0309202420240903-02.50.45.044129 -;PRLV CERP SAS;-1033.38;PRLV CERP SAS PRELEVEMENT CERP ROUEN DDE N 000 01 ECHEANCE 03092024 MONTANT 1033.38 
2325;CEAPC;;2024-03-09;0309202420240903-02.50.19.917234 -;LCR 074333 RLV 00000006;-1769.6;LCR 074333 RLV 00000006 JANSSEN CILAG   
2326;CEAPC;;2024-03-09;0309202420240903-02.50.19.914951 -;LCR 061890 RLV 00000005;-519.53;LCR 061890 RLV 00000005 HANDI PHARM CHA   
2327;CEAPC;;2024-03-09;0309202420240903-02.50.19.908348 -;LCR 058030 RLV 00000005;-42.25;LCR 058030 RLV 00000005 DAVOUST MAXIME   
2337;CEAPC;;2024-02-09;0209202420240902-08.57.06.083827 -;*CB COM PHARMAMERIQUES 010924;-1.43;*CB COM PHARMAMERIQUES 010924 CONTRAT 8413786 REM 142332   
2338;CEAPC;;2024-02-09;0209202420240902-08.57.06.073210 -;*CB COM PHARMAMERIQUES 010924;-2.83;*CB COM PHARMAMERIQUES 010924 CONTRAT 8413786 REM 142520   
2339;CEAPC;;2024-02-09;0209202420240902-08.57.06.061565 -;*CB COM PHARMAMERIQUES 010924;-0.02;*CB COM PHARMAMERIQUES 010924 CONTRAT 8413785 REM 143751   
2340;CEAPC;;2024-02-09;0209202420240902-08.57.06.050968 -;*CB COM PHARMAMERIQUES 010924;-0.34;*CB COM PHARMAMERIQUES 010924 CONTRAT 8413785 REM 142328   
2341;CEAPC;;2024-02-09;0209202420240902-08.57.06.040584 -;*CB COM PHARMAMERIQUES 310824;-0.35;*CB COM PHARMAMERIQUES 310824 CONTRAT 8413786 REM 169776   
2342;CEAPC;;2024-02-09;0209202420240902-08.57.06.029132 -;*CB COM PHARMAMERIQUES 310824;-0.9;*CB COM PHARMAMERIQUES 310824 CONTRAT 8413786 REM 168767   
2343;CEAPC;;2024-02-09;0209202420240902-08.57.06.018751 -;*CB COM PHARMAMERIQUES 310824;-0.08;*CB COM PHARMAMERIQUES 310824 CONTRAT 8413785 REM 171379   
2344;CEAPC;;2024-02-09;0209202420240902-08.57.06.007366 -;*CB COM PHARMAMERIQUES 310824;-0.13;*CB COM PHARMAMERIQUES 310824 CONTRAT 8413785 REM 166706   
2354;CEAPC;;2024-02-09;0209202420240902-02.46.48.595336 -;PRLV NORCAP;-295.71;PRLV NORCAP 6701   
2355;CEAPC;;2024-02-09;0209202420240902-02.46.48.593384 -;PRLV CEGELEASE;-334.8;PRLV CEGELEASE 27218917 82409269 7772488   
2356;CEAPC;;2024-02-09;0209202420240902-02.46.48.590979 -;PRLV GC RE MANGOPAY;-456.28;PRLV GC RE MANGOPAY Le Comptoir des Pharmacies   
2357;CEAPC;;2024-02-09;0209202420240902-02.46.48.587402 -;PRLV BOIRON SA;-156.9;PRLV BOIRON SA BOIRON SA   
2366;CEAPC;;2024-08-31;3108202420240831-08.53.44.600375 -;*CB COM PHARMAMERIQUES 300824;-0.05;*CB COM PHARMAMERIQUES 300824 CONTRAT 8413785 REM 171809   
2367;CEAPC;;2024-08-31;3108202420240831-08.53.44.588807 -;*CB COM PHARMAMERIQUES 300824;-0.17;*CB COM PHARMAMERIQUES 300824 CONTRAT 8413785 REM 165967   
2368;CEAPC;;2024-08-31;3108202420240831-08.53.44.575983 -;*CB COM PHARMAMERIQUES 300824;-1.87;*CB COM PHARMAMERIQUES 300824 CONTRAT 8413786 REM 169811   
2369;CEAPC;;2024-08-31;3108202420240831-08.53.44.562281 -;*CB COM PHARMAMERIQUES 300824;-2.4;*CB COM PHARMAMERIQUES 300824 CONTRAT 8413786 REM 165188   
2374;CEAPC;;2024-08-31;3108202420240831-02.48.49.683011 -;LCR 052634 RLV 00000004;-34.63;LCR 052634 RLV 00000004 THUASNE SAS   
2376;CEAPC;;2024-08-30;3008202420240830-11.09.06.090982 -;VIREMENT SEPA PAR INTERNET;-479.99;SALAIRE CHRISTOPHE 5 ET 6 AOUT    
2377;CEAPC;;2024-08-30;3008202420240830-10.58.52.590473 -;VIREMENT SEPA PAR INTERNET;-4165.0;SALAIRE JEAN AOUT    
2391;CEAPC;;2024-08-30;3008202420240830-08.52.48.624348 -;*CB COM PHARMAMERIQUES 290824;-0.18;*CB COM PHARMAMERIQUES 290824 CONTRAT 8413785 REM 161094   
2392;CEAPC;;2024-08-30;3008202420240830-08.52.48.613743 -;*CB COM PHARMAMERIQUES 290824;-1.14;*CB COM PHARMAMERIQUES 290824 CONTRAT 8413786 REM 161544   
2393;CEAPC;;2024-08-30;3008202420240830-08.52.48.603969 -;*CB COM PHARMAMERIQUES 290824;-0.18;*CB COM PHARMAMERIQUES 290824 CONTRAT 8413785 REM 165545   
2394;CEAPC;;2024-08-30;3008202420240830-08.52.48.593828 -;*CB COM PHARMAMERIQUES 290824;-1.28;*CB COM PHARMAMERIQUES 290824 CONTRAT 8413786 REM 163572   
2410;CEAPC;;2024-08-30;3008202420240830-02.47.28.687772 -;PRLV OCP;-15861.49;PRLV OCP Z9633450900  4073102561   
2411;CEAPC;;2024-08-30;3008202420240830-02.47.19.169162 -;LCR 051459 RLV 00000003;-1125.89;LCR 051459 RLV 00000003 OCP   
2422;CEAPC;;2024-08-29;2908202420240829-09.01.57.054216 -;*CB COM PHARMAMERIQUES 280824;-0.28;*CB COM PHARMAMERIQUES 280824 CONTRAT 8413785 REM 160046   
2423;CEAPC;;2024-08-29;2908202420240829-09.01.57.039107 -;*CB COM PHARMAMERIQUES 280824;-0.1;*CB COM PHARMAMERIQUES 280824 CONTRAT 8413785 REM 150034   
2424;CEAPC;;2024-08-29;2908202420240829-09.01.57.025061 -;*CB COM PHARMAMERIQUES 280824;-1.16;*CB COM PHARMAMERIQUES 280824 CONTRAT 8413786 REM 163475   
2425;CEAPC;;2024-08-29;2908202420240829-09.01.57.010837 -;*CB COM PHARMAMERIQUES 280824;-2.53;*CB COM PHARMAMERIQUES 280824 CONTRAT 8413786 REM 160404   
2433;CEAPC;;2024-08-29;2908202420240829-03.05.32.335793 -;VIR SEPA PHARMACIE DES AMERIQUES;-6375.28;    
2434;CEAPC;;2024-08-29;2908202420240829-03.05.32.322918 -;VIR SEPA PIERRE MOREAU;-3242.21;    
2446;CEAPC;;2024-08-29;2908202420240829-02.47.07.449951 -;PRLV NORCAP;-830.18;PRLV NORCAP 6701   
2447;CEAPC;;2024-08-29;2908202420240829-02.47.07.445714 -;PRLV GIE KLESIA COTIS;-524.63;PRLV GIE KLESIA COTIS RETRAITE - GIE KLESIA COTIS - 20 2407M - SIRET 92983182400016 -AG 023000021366319 
2450;CEAPC;;2024-08-28;2808202420240828-14.47.28.165772 -;VIREMENT VERS TRILLEAUD VERONI;-2096.21;VIREMENT VERS TRILLEAUD VERONIQU E   
2451;CEAPC;;2024-08-28;2808202420240828-14.45.32.963057 -;VIREMENT VERS GUISSET CATHERIN;-763.02;VIREMENT VERS GUISSET CATHERINE    
2452;CEAPC;;2024-08-28;2808202420240828-14.44.09.942357 -;VIREMENT VERS PERON LUCILE;-1841.3;VIREMENT VERS PERON LUCILE    
2460;CEAPC;;2024-08-28;2808202420240828-08.54.14.758527 -;*CB COM PHARMAMERIQUES 270824;-0.64;*CB COM PHARMAMERIQUES 270824 CONTRAT 8413786 REM 169167   
2461;CEAPC;;2024-08-28;2808202420240828-08.54.14.746589 -;*CB COM PHARMAMERIQUES 270824;-2.35;*CB COM PHARMAMERIQUES 270824 CONTRAT 8413786 REM 159971   
2462;CEAPC;;2024-08-28;2808202420240828-08.54.14.732545 -;*CB COM PHARMAMERIQUES 270824;-0.14;*CB COM PHARMAMERIQUES 270824 CONTRAT 8413785 REM 170187   
2463;CEAPC;;2024-08-28;2808202420240828-08.54.14.719885 -;*CB COM PHARMAMERIQUES 270824;-0.2;*CB COM PHARMAMERIQUES 270824 CONTRAT 8413785 REM 159201   
2483;CEAPC;;2024-08-28;2808202420240828-02.49.01.452679 -;PRLV OTSUKA PHARMACEUTICAL FRANC;-1607.26;PRLV OTSUKA PHARMACEUTICAL FRANC Your Acc.no. 0003314055/Order-No . 8300297870/Order-No. 830029787 1 
2500;CEAPC;;2024-08-27;2708202420240827-09.05.56.091716 -;*CB COM PHARMAMERIQUES 260824;-1.19;*CB COM PHARMAMERIQUES 260824 CONTRAT 8413786 REM 175108   
2501;CEAPC;;2024-08-27;2708202420240827-09.05.56.077595 -;*CB COM PHARMAMERIQUES 260824;-1.69;*CB COM PHARMAMERIQUES 260824 CONTRAT 8413786 REM 173277   
2502;CEAPC;;2024-08-27;2708202420240827-09.05.56.064877 -;*CB COM PHARMAMERIQUES 260824;-0.23;*CB COM PHARMAMERIQUES 260824 CONTRAT 8413785 REM 177347   
2503;CEAPC;;2024-08-27;2708202420240827-09.05.56.051924 -;*CB COM PHARMAMERIQUES 260824;-0.17;*CB COM PHARMAMERIQUES 260824 CONTRAT 8413785 REM 172970   
2520;CEAPC;;2024-08-27;2708202420240827-02.46.12.352669 -;PRLV CERP SAS;-1152.92;PRLV CERP SAS PRELEVEMENT CERP ROUEN DDE N 000 01 ECHEANCE 27082024 MONTANT 1152.92 
2528;CEAPC;;2024-08-26;2608202420240826-09.06.40.947323 -;*CB COM PHARMAMERIQUES 240824;-0.51;*CB COM PHARMAMERIQUES 240824 CONTRAT 8413786 REM 146206   
2529;CEAPC;;2024-08-26;2608202420240826-09.06.40.934652 -;*CB COM PHARMAMERIQUES 240824;-1.95;*CB COM PHARMAMERIQUES 240824 CONTRAT 8413786 REM 144137   
2530;CEAPC;;2024-08-26;2608202420240826-09.06.40.921369 -;*CB COM PHARMAMERIQUES 240824;-0.1;*CB COM PHARMAMERIQUES 240824 CONTRAT 8413785 REM 143196   
2535;CEAPC;;2024-08-26;2608202420240826-02.48.21.840939 -;PRLV ABBOTT FRANCE SAS;-757.7;PRLV ABBOTT FRANCE SAS Abbott SAS SEPA Debit // Pmt Rmt 9900245687  
2536;CEAPC;;2024-08-26;2608202420240826-02.48.21.837928 -;PRLV In Extenso Centre Ouest;-1405.67;PRLV In Extenso Centre Ouest MFA0269308,MFA0270685   
2546;CEAPC;;2024-08-24;2408202420240824-08.48.30.941334 -;*CB COM PHARMAMERIQUES 230824;-1.63;*CB COM PHARMAMERIQUES 230824 CONTRAT 8413786 REM 152793   
2547;CEAPC;;2024-08-24;2408202420240824-08.48.30.931567 -;*CB COM PHARMAMERIQUES 230824;-2.03;*CB COM PHARMAMERIQUES 230824 CONTRAT 8413786 REM 148002   
2548;CEAPC;;2024-08-24;2408202420240824-08.48.30.921370 -;*CB COM PHARMAMERIQUES 230824;-0.03;*CB COM PHARMAMERIQUES 230824 CONTRAT 8413785 REM 154739   
2549;CEAPC;;2024-08-24;2408202420240824-08.48.30.911968 -;*CB COM PHARMAMERIQUES 230824;-0.54;*CB COM PHARMAMERIQUES 230824 CONTRAT 8413785 REM 149459   
2563;CEAPC;;2024-08-23;2308202420240823-09.06.21.659256 -;*CB COM PHARMAMERIQUES 220824;-0.73;*CB COM PHARMAMERIQUES 220824 CONTRAT 8413786 REM 155165   
2564;CEAPC;;2024-08-23;2308202420240823-09.06.21.646250 -;*CB COM PHARMAMERIQUES 220824;-1.46;*CB COM PHARMAMERIQUES 220824 CONTRAT 8413786 REM 153359   
2565;CEAPC;;2024-08-23;2308202420240823-09.06.21.634022 -;*CB COM PHARMAMERIQUES 220824;-0.31;*CB COM PHARMAMERIQUES 220824 CONTRAT 8413785 REM 157963   
2566;CEAPC;;2024-08-23;2308202420240823-09.06.21.621144 -;*CB COM PHARMAMERIQUES 220824;-0.36;*CB COM PHARMAMERIQUES 220824 CONTRAT 8413785 REM 152222   
2584;CEAPC;;2024-08-23;2308202420240823-02.48.16.912523 -;PRLV GC RE MANGOPAY;-237.66;PRLV GC RE MANGOPAY Le Comptoir des Pharmacies   
2594;CEAPC;;2024-08-22;2208202420240822-09.08.56.315611 -;*CB COM PHARMAMERIQUES 210824;-1.69;*CB COM PHARMAMERIQUES 210824 CONTRAT 8413786 REM 167713   
2595;CEAPC;;2024-08-22;2208202420240822-09.08.56.297200 -;*CB COM PHARMAMERIQUES 210824;-1.92;*CB COM PHARMAMERIQUES 210824 CONTRAT 8413786 REM 159505   
2596;CEAPC;;2024-08-22;2208202420240822-09.08.56.283596 -;*CB COM PHARMAMERIQUES 210824;-0.01;*CB COM PHARMAMERIQUES 210824 CONTRAT 8413785 REM 158155   
2597;CEAPC;;2024-08-22;2208202420240822-09.08.56.268426 -;*CB COM PHARMAMERIQUES 210824;-0.19;*CB COM PHARMAMERIQUES 210824 CONTRAT 8413785 REM 150797   
2605;CEAPC;;2024-08-22;2208202420240822-02.46.40.558664 -;PRLV NORCAP;-980.94;PRLV NORCAP 6701   
2618;CEAPC;;2024-08-21;2108202420240821-09.05.22.955369 -;*CB COM PHARMAMERIQUES 200824;-1.53;*CB COM PHARMAMERIQUES 200824 CONTRAT 8413786 REM 169424   
2619;CEAPC;;2024-08-21;2108202420240821-09.05.22.937598 -;*CB COM PHARMAMERIQUES 200824;-1.29;*CB COM PHARMAMERIQUES 200824 CONTRAT 8413786 REM 166545   
2620;CEAPC;;2024-08-21;2108202420240821-09.05.22.920780 -;*CB COM PHARMAMERIQUES 200824;-0.01;*CB COM PHARMAMERIQUES 200824 CONTRAT 8413785 REM 172043   
2621;CEAPC;;2024-08-21;2108202420240821-09.05.22.905142 -;*CB COM PHARMAMERIQUES 200824;-0.13;*CB COM PHARMAMERIQUES 200824 CONTRAT 8413785 REM 165545   
